<application>
  <component name="libraryTable">
    <library name="annotations">
      <CLASSES>
        <root url="jar://$APPLICATION_HOME_DIR$/lib/annotations.jar!/" />
      </CLASSES>
      <JAVADOC />
      <SOURCES />
    </library>
    <library name="ArciemBase">
      <CLASSES>
        <root url="jar://$USER_HOME$/Development/Arciem/dist/ArciemBase.jar!/" />
      </CLASSES>
      <JAVADOC />
      <SOURCES />
    </library>
    <library name="ArciemShape">
      <CLASSES>
        <root url="jar://$USER_HOME$/Development/Arciem/dist/ArciemShape.jar!/" />
      </CLASSES>
      <JAVADOC />
      <SOURCES />
    </library>
    <library name="ArciemUI">
      <CLASSES>
        <root url="jar://$USER_HOME$/Development/Arciem/dist/ArciemUI.jar!/" />
      </CLASSES>
      <JAVADOC />
      <SOURCES />
    </library>
    <library name="CLI-1">
      <CLASSES>
        <root url="jar://$USER_HOME$/Development/Decision/lib.jar/commons-cli-1.0.jar!/" />
      </CLASSES>
      <JAVADOC />
      <SOURCES />
    </library>
    <library name="CLI-2">
      <CLASSES>
        <root url="jar://$USER_HOME$/Development/Decision/lib.jar/commons-cli-20060725.jar!/" />
      </CLASSES>
      <JAVADOC />
      <SOURCES />
    </library>
    <library name="i4jruntime">
      <CLASSES>
        <root url="jar://$USER_HOME$/Development/FlyingLogic/lib.jar/i4jruntime.jar!/" />
      </CLASSES>
      <JAVADOC />
      <SOURCES />
    </library>
    <library name="itext-1.4.7">
      <CLASSES>
        <root url="jar://$USER_HOME$/Development/Arciem/lib.compile/itext-1.4.7.jar!/" />
      </CLASSES>
      <JAVADOC />
      <SOURCES />
    </library>
    <library name="j3dcore">
      <CLASSES />
      <JAVADOC>
        <root url="jar://$USER_HOME$/HomeSource/Docs/j3dapi.zip!/j3dapi" />
      </JAVADOC>
      <SOURCES />
    </library>
    <library name="j3dutils">
      <CLASSES />
      <JAVADOC>
        <root url="jar://$USER_HOME$/HomeSource/Docs/j3dapi.zip!/j3dapi" />
      </JAVADOC>
      <SOURCES />
    </library>
    <library name="JAXB">
      <CLASSES>
        <root url="jar://$USER_HOME$/Development/Decision/lib.jar/jaxb-api.jar!/" />
        <root url="jar://$USER_HOME$/Development/Decision/lib.jar/jaxb-impl.jar!/" />
        <root url="jar://$USER_HOME$/Development/Decision/lib.jar/jaxb-libs.jar!/" />
        <root url="jar://$USER_HOME$/Development/Decision/lib.jar/xsdlib.jar!/" />
      </CLASSES>
      <JAVADOC />
      <SOURCES />
    </library>
    <library name="MPXJ">
      <CLASSES>
        <root url="jar://$USER_HOME$/Development/Decision/lib.jar/jakarta-poi-2.5.jar!/" />
        <root url="jar://$USER_HOME$/Development/Decision/lib.jar/mpxj.jar!/" />
      </CLASSES>
      <JAVADOC />
      <SOURCES />
    </library>
    <library name="QTJava">
      <CLASSES>
        <root url="jar://$USER_HOME$/HomeSource/lib/QTJava.zip!/" />
      </CLASSES>
      <JAVADOC />
      <SOURCES />
    </library>
    <library name="vecmath">
      <CLASSES />
      <JAVADOC>
        <root url="jar://$USER_HOME$/HomeSource/Docs/j3dapi.zip!/j3dapi" />
      </JAVADOC>
      <SOURCES />
    </library>
    <library name="webrenderer">
      <CLASSES>
        <root url="jar://$USER_HOME$/HomeSource/lib/webrenderer.jar!/" />
      </CLASSES>
      <JAVADOC />
      <SOURCES />
    </library>
    <library name="y">
      <CLASSES>
        <root url="jar://$USER_HOME$/Development/Arciem/lib.compile/y.jar!/" />
      </CLASSES>
      <JAVADOC />
      <SOURCES />
    </library>
  </component>
</application>