<application>
  <component name="RefactoringSettings">
    <option name="RENAME_SEARCH_IN_COMMENTS_FOR_VARIABLE" value="false" />
    <option name="RENAME_SEARCH_FOR_TEXT_FOR_CLASS" value="false" />
    <option name="RENAME_SEARCH_FOR_TEXT_FOR_VARIABLE" value="false" />
    <option name="ENCAPSULATE_FIELDS_USE_ACCESSORS_WHEN_ACCESSIBLE" value="false" />
    <option name="MOVE_SEARCH_FOR_TEXT" value="false" />
    <option name="TYPE_COOK_LEAVE_OBJECT_PARAMETERIZED_TYPES_RAW" value="false" />
    <option name="TYPE_COOK_EXHAUSTIVE" value="true" />
    <option name="TYPE_COOK_COOK_OBJECTS" value="true" />
    <option name="TYPE_COOK_PRODUCE_WILDCARDS" value="true" />
    <option name="INTRODUCE_PARAMETER_REPLACE_FIELDS_WITH_GETTERS" value="1" />
    <option name="INTRODUCE_FIELD_VISIBILITY" value="private" />
    <option name="INLINE_METHOD_THIS" value="true" />
    <option name="INTRODUCE_CONSTANT_VISIBILITY" value="private" />
    <option name="INTRODUCE_LOCAL_CREATE_FINALS" value="true" />
  </component>
</application>