<application>
  <component name="LocalDatabaseDriverManager" version="201">
    <driver id="cassandra">
      <option name="auto-sync" value="true" />
    </driver>
    <driver id="clickhouse">
      <option name="auto-sync" value="true" />
    </driver>
    <driver id="couchbase_query">
      <option name="auto-sync" value="true" />
    </driver>
    <driver id="db2.11">
      <option name="auto-sync" value="false" />
    </driver>
    <driver id="db2">
      <option name="auto-sync" value="false" />
    </driver>
    <driver id="db2.jtopen">
      <option name="auto-sync" value="false" />
    </driver>
    <driver id="derby.embedded">
      <artifact id="Apache Derby" name="Apache Derby" use="true" version="10.13.1.1" />
      <option name="auto-sync" value="true" />
      <option name="auto-commit" value="true" />
      <option name="send-app-info" value="true" />
    </driver>
    <driver id="derby.remote">
      <option name="auto-sync" value="true" />
    </driver>
    <driver id="exasol">
      <option name="auto-sync" value="true" />
    </driver>
    <driver id="greenplum">
      <option name="auto-sync" value="true" />
      <option name="schema-control" value="MANUAL" />
      <option name="send-app-info" value="false" />
    </driver>
    <driver id="h2.unified">
      <url-template name="Embedded" template="jdbc:h2:file:/Users/miguelmunoz/.miguelMunozPizzaChallenge/challenge.mv.db;user=pizza,password=" />
      <artifact id="H2" name="H2" use="true" version="1.4.196" />
      <option name="auto-sync" value="true" />
      <option name="auto-commit" value="true" />
      <option name="send-app-info" value="true" />
      <option name="format-sources-on-sync" value="true" />
      <option name="source-loading" value="USER_SOURCES" />
      <option name="schema-control" value="AUTOMATIC" />
      <vm-options>-ea</vm-options>
    </driver>
    <driver id="hive">
      <option name="auto-sync" value="true" />
    </driver>
    <driver id="hsqldb.local">
      <option name="auto-sync" value="true" />
    </driver>
    <driver id="hsqldb.remote">
      <option name="auto-sync" value="true" />
    </driver>
    <driver id="mariadb">
      <option name="auto-sync" value="true" />
    </driver>
    <driver id="mongo">
      <option name="auto-sync" value="true" />
    </driver>
    <driver id="sqlserver.ms">
      <option name="auto-sync" value="false" />
      <option name="send-app-info" value="false" />
    </driver>
    <driver id="sqlserver.jtds">
      <option name="auto-sync" value="false" />
      <option name="auto-commit" value="true" />
      <option name="send-app-info" value="true" />
      <option name="schema-control" value="AUTOMATIC" />
    </driver>
    <driver id="azure.ms">
      <option name="auto-sync" value="false" />
      <option name="send-app-info" value="false" />
    </driver>
    <driver id="mysql.8">
      <artifact id="MySQL ConnectorJ" name="MySQL ConnectorJ" use="true" version="8.0.21" />
      <option name="auto-sync" value="true" />
      <option name="auto-commit" value="true" />
      <option name="format-sources-on-sync" value="true" />
      <option name="send-app-info" value="true" />
      <option name="source-loading" value="USER_SOURCES" />
      <option name="schema-control" value="AUTOMATIC" />
    </driver>
    <driver id="mysql">
      <option name="auto-sync" value="true" />
      <library>
        <url>file://$USER_HOME$/Documents/NewHome/Home7/lib</url>
      </library>
    </driver>
    <driver id="mysql_aurora">
      <option name="auto-sync" value="true" />
    </driver>
    <driver id="oracle.19">
      <option name="auto-sync" value="true" />
      <option name="auto-commit" value="false" />
    </driver>
    <driver id="oracle">
      <option name="auto-sync" value="false" />
      <option name="auto-commit" value="false" />
    </driver>
    <driver id="postgresql">
      <option name="auto-sync" value="true" />
      <option name="schema-control" value="MANUAL" />
    </driver>
    <driver id="redshift">
      <option name="auto-sync" value="true" />
      <option name="schema-control" value="MANUAL" />
      <option name="auto-commit" value="true" />
      <option name="send-app-info" value="true" />
    </driver>
    <driver id="snowflake">
      <option name="auto-sync" value="true" />
    </driver>
    <driver id="sqlite.xerial">
      <remarks>skeleton</remarks>
      <url-template name="default" template="jdbc:sqlite:file::~/.sqlite.skeleton/skeleton.db" />
      <artifact id="Xerial SQLiteJDBC" name="Xerial SQLiteJDBC" use="true" version="3.25.1" />
      <option name="auto-sync" value="true" />
      <option name="auto-commit" value="true" />
      <option name="send-app-info" value="true" />
      <option name="schema-control" value="AUTOMATIC" />
      <option name="format-sources-on-sync" value="true" />
      <option name="source-loading" value="USER_SOURCES" />
    </driver>
    <driver id="sybase.jtds">
      <option name="auto-sync" value="false" />
    </driver>
    <driver id="sybase.ase">
      <option name="auto-sync" value="false" />
    </driver>
    <driver id="vertica">
      <option name="auto-sync" value="true" />
    </driver>
  </component>
</application>