<application>
  <component name="DiffManager" COMPARISON_POLICY="Ignore spaces" />
  <component name="SvnDiffSettings">
    <option name="PLACES_MAP">
      <entry key="Default">
        <PlaceSettings />
      </entry>
    </option>
  </component>
  <component name="TextDiffSettings">
    <option name="PLACES_MAP">
      <entry key="Default">
        <PlaceSettings>
          <option name="IGNORE_POLICY" value="IGNORE_WHITESPACES_CHUNKS" />
          <option name="USE_SOFT_WRAPS" value="true" />
        </PlaceSettings>
      </entry>
    </option>
  </component>
</application>