<application>
  <component name="CodeInsightSettings">
    <option name="REFORMAT_ON_PASTE" value="4" />
    <option name="HIGHLIGHT_SCOPE" value="true" />
  </component>
  <component name="DaemonCodeAnalyzerSettings" profile="Project Default">
    <option name="SHOW_METHOD_SEPARATORS" value="true" />
  </component>
  <component name="DefaultFont">
    <option name="FONT_SIZE" value="15" />
    <option name="FONT_FAMILY" value="monofur" />
    <option name="LINE_SPACING" value="1.0" />
    <option name="SECONDARY_FONT_FAMILY" value="Source Code Pro" />
  </component>
  <component name="EditorSettings">
    <option name="languageBreadcrumbsMap">
      <map>
        <entry key="JAVA" value="true" />
      </map>
    </option>
    <option name="USE_SOFT_WRAPS" value="MAIN_EDITOR" />
    <option name="USE_CUSTOM_SOFT_WRAP_INDENT" value="true" />
    <option name="CUSTOM_SOFT_WRAP_INDENT" value="8" />
    <option name="STRIP_TRAILING_SPACES" value="None" />
    <option name="IS_WHITESPACES_SHOWN" value="true" />
    <option name="IS_ALL_SOFTWRAPS_SHOWN" value="true" />
    <option name="IS_CAMEL_WORDS" value="true" />
    <option name="IS_WHEEL_FONTCHANGE_ENABLED" value="true" />
  </component>
  <component name="InspectionProfileManager">
    <list size="7">
      <item index="0" class="java.lang.String" itemvalue="INFORMATION" />
      <item index="1" class="java.lang.String" itemvalue="SERVER PROBLEM" />
      <item index="2" class="java.lang.String" itemvalue="WEAK WARNING" />
      <item index="3" class="java.lang.String" itemvalue="INFO" />
      <item index="4" class="java.lang.String" itemvalue="TYPO" />
      <item index="5" class="java.lang.String" itemvalue="WARNING" />
      <item index="6" class="java.lang.String" itemvalue="ERROR" />
    </list>
  </component>
  <component name="TodoConfiguration">
    <pattern pattern="\btodo\b.*" />
    <pattern pattern="\bKludge\b.*" />
    <pattern pattern="\bKluge\b.*" />
  </component>
</application>