<application>
  <component name="EqualsHashCodeTemplates">
    <option name="defaultTempalteName" value="Better Default equals" />
    <option name="templates">
      <list>
        <TemplateResource>
          <option name="fileName" value="Better Default equals" />
          <option name="template" value="#parse(&quot;equalsHelper.vm&quot;)&#10;public boolean equals(##&#10;#if ($settings.generateFinalParameters)&#10;  final ##&#10;#end&#10;Object $paramName){&#10;&#10;if (this == $paramName) { return true; }&#10;if (!($paramName instanceof $class.name)) { return false; } // implicitly checks for null&#10;#if ($fields.size() &gt; 0)&#10;&#10;  #addClassInstance()&#10;&#10;  #foreach($field in $fields)&#10;    #if ($field.array)&#10;      #addArrayEquals($field)&#10;    #elseif ($field.primitive)&#10;      #if ($field.double || $field.float)&#10;        #addDoubleFieldComparison($field)&#10;      #else &#10;        #addPrimitiveFieldComparison($field)&#10;      #end&#10;    #elseif ($field.enum)&#10;      #addPrimitiveFieldComparison($field)&#10;    #else&#10;      #addFieldComparison($field)&#10;    #end&#10;  #end&#10;#end&#10;&#10;  return true;&#10;}&#10;##&#10;#macro(addPrimitiveFieldComparison $field)&#10; if($field.accessor != ${classInstanceName}.$field.accessor) return false;&#10;#end&#10;##&#10;#macro(addDoubleFieldComparison $field)&#10;  #if ($field.double)&#10;    if(Double.compare(${classInstanceName}.$field.accessor, $field.accessor) != 0)return false;&#10;  #else&#10;    if(Float.compare(${classInstanceName}.$field.accessor, $field.accessor) != 0)return false;&#10;  #end&#10;#end&#10;##&#10;#macro(addFieldComparison $field)&#10;  #if ($field.notNull)&#10;    if(!${field.accessor}.equals(${classInstanceName}.$field.accessor))return false;&#10;  #else&#10;    if($field.accessor != null ? !${field.accessor}.equals(${classInstanceName}.$field.accessor) : ${classInstanceName}.$field.accessor != null)return false;&#10;  #end&#10;#end&#10;##&#10;#macro(addArrayEquals $field) &#10;  #if ($field.nestedArray)&#10;    #if ($java_version &gt; 4)&#10;      if(!java.util.Arrays.deepEquals($field.accessor, ${classInstanceName}.$field.accessor)) return false;&#10;    #else&#10;      // Compare nested arrays - values of $field.name here&#10;    #end&#10;    #break;&#10;  #end&#10;  #if ($field.objectArray)&#10;    // Probably incorrect - comparing Object[] arrays with Arrays.equals&#10;  #end&#10;  if(!java.util.Arrays.equals($field.accessor, ${classInstanceName}.$field.accessor)) return false;&#10;#end" />
        </TemplateResource>
        <TemplateResource>
          <option name="fileName" value="Better Default hashCode" />
          <option name="template" value="public int hashCode() {&#10;#if (!$superHasHashCode &amp;&amp; $fields.size() == 1)&#10;  #set($field = $fields.get(0))&#10;  #if ($field.primitive)&#10;#addTempForOneField($field)&#10;    return #addPrimitiveFieldHashCode($field);&#10;  #else&#10;    return #addFieldHashCode($field, false);&#10;  #end&#10;#elseif ($fields.size() &gt; 0)&#10;  #set($resultName = $helper.getUniqueLocalVarName(&quot;result&quot;, $fields, $settings))&#10;  int $resultName ##&#10;  #set($resultAssigned = false)&#10;  #set($resultDeclarationCompleted = false)&#10;  #if ($superHasHashCode)&#10;    = #addSuperHashCode();&#10;    #set($resultAssigned = true)&#10;    #set($resultDeclarationCompleted = true)&#10;  #end&#10;  #addTempDeclaration($resultDeclarationCompleted)&#10;  #set($tempName = &quot;#addTempDeclaration($resultDeclarationCompleted)&quot;)&#10;  #foreach($field in $fields)&#10;    #addTempAssignment($field)&#10;    #if ($resultDeclarationCompleted)&#10;      $resultName ##&#10;    #end&#10;    = ##&#10;    #if ($resultAssigned)&#10;        31 * $resultName + ##&#10;    #end&#10;    #if ($field.primitive)&#10;      #addPrimitiveFieldHashCode($field)##&#10;    #else&#10;      #addFieldHashCode($field, $resultAssigned)##&#10;    #end&#10;    ;&#10;    #set($resultAssigned = true)&#10;    #set($resultDeclarationCompleted = true)&#10;  #end&#10;  return $resultName;&#10;#else&#10;  return 0;&#10;#end&#10;}&#10;##&#10;#macro (addPrimitiveFieldHashCode $field)&#10;  #set ($fName = $field.accessor)&#10;  #if ($field.byte || $field.short || $field.char)&#10;    (int) $fName##&#10;  #elseif ($field.long)&#10;    (int)($fName ^ ($fName &gt;&gt;&gt; 32))##&#10;  #elseif ($field.boolean)&#10;    ($fName ? 1 : 0)##&#10;  #elseif ($field.float)&#10;    ($fName != +0.0f ? Float.floatToIntBits($fName) : 0)##&#10;  #elseif ($field.double)&#10;    #set($tempName = &quot;#getTempVarName()&quot;)&#10;    (int) ($tempName ^ ($tempName &gt;&gt;&gt; 32))##&#10;  #elseif ($field.void)&#10;    0##&#10;  #else&#10;    $fName##&#10;  #end&#10;#end&#10;##&#10;#macro(getTempVarName)&#10;  $helper.getUniqueLocalVarName(&quot;temp&quot;, $fields, $settings)##&#10;#end&#10;##&#10;#macro(addTempForOneField $field)&#10;  #if ($field.double)&#10;    #if ($settings.generateFinalLocals)&#10;    final ##&#10;    #end&#10;  #set($tempName = &quot;#getTempVarName()&quot;)&#10;  long $tempName = Double.doubleToLongBits($field.accessor);&#10;  #end&#10;#end&#10;##&#10;#macro(adjustHashCodeToArrays $field)&#10;   #if ($field.array &amp;&amp; $java_version &gt; 4)&#10;    #if ($field.nestedArray)&#10;      java.util.Arrays.deepHashCode($field.accessor)##&#10;    #else&#10;      java.util.Arrays.hashCode($field.accessor)##&#10;    #end&#10;  #else&#10;    ${field.accessor}.hashCode()##&#10;  #end&#10;#end&#10;##&#10;#macro(addSuperHashCode)&#10;  #if ($superHasHashCode)&#10;    super.hashCode()##&#10;  #else&#10;    0##&#10;  #end&#10;#end&#10;##&#10;#macro(addTempDeclaration $resultDeclarationCompleted)&#10;  #foreach($field in $fields)&#10;    #if ($field.double)&#10;      #if (!$resultDeclarationCompleted)&#10;        ;&#10;      #end&#10;      #set($tempName = &quot;#getTempVarName()&quot;)&#10;      long $tempName;&#10;      #set($resultDeclarationCompleted = true)&#10;      #break&#10;    #end&#10;  #end&#10;#end&#10;##&#10;#macro(addTempAssignment $field)&#10;  #if ($field.double)&#10;    #set($tempName = &quot;#getTempVarName()&quot;)&#10;    $tempName = Double.doubleToLongBits($field.accessor);&#10;  #end&#10;#end&#10;##&#10;#macro(addFieldHashCode $field $brace)&#10;#set($name = $field.accessor)&#10;#if ($field.notNull)#adjustHashCodeToArrays($field)&#10;#elseif ($field.array &amp;&amp; $java_version &gt; 4)#adjustHashCodeToArrays($field)&#10;  #else&#10;    #if ($brace)(##&#10;    #end&#10;    $name != null ? #adjustHashCodeToArrays($field) : 0##&#10;    #if ($brace))##&#10;    #end&#10;  #end&#10;#end&#10;" />
        </TemplateResource>
      </list>
    </option>
  </component>
</application>