<application>
  <component name="CommunityFileTypes" version="8">
    <ignoreFiles list="CVS;SCCS;RCS;rcs;.DS_Store;.svn;.pyc;.pyo;*.pyc;*.pyo;.git;*.hprof;_svn;.hg;*.lib;*~;" />
    <extensionMap>
      <mapping ext="jspx" type="XML" />
      <mapping ext="rng" type="XML" />
      <mapping ext="tagx" type="XML" />
    </extensionMap>
  </component>
  <component name="FileTypeManager" version="18">
    <ignoreFiles list="*.pyc;*.pyo;*.rbc;*~;.DS_Store;.IJI.*;.git;.hg;.sbas;.svn;CVS;RCS;SCCS;__pycache__;_svn;vssver.scc;vssver2.scc;" />
    <extensionMap>
      <mapping ext="ignores" type="IgnoreLang file" />
      <mapping ext="space.kts" type="Kotlin" />
      <mapping ext="gradle.kts" type="Kotlin" />
      <mapping ext="main.kts" type="Kotlin" />
      <mapping pattern=".swagger-codegen-ignore" type="PLAIN_TEXT" />
      <mapping ext="script" type="PLAIN_TEXT" />
      <mapping ext="mobileprovision" type="PLAIN_TEXT" />
      <mapping ext="astub" type="PLAIN_TEXT" />
      <mapping ext="proto" type="PLAIN_TEXT" />
      <mapping ext="me" type="PLAIN_TEXT" />
      <mapping ext="sample" type="PLAIN_TEXT" />
      <mapping ext="number" type="PLAIN_TEXT" />
      <mapping ext="conf" type="PLAIN_TEXT" />
      <mapping ext="install4j" type="PLAIN_TEXT" />
      <mapping ext="" type="PLAIN_TEXT" />
      <mapping ext="plist" type="XML" />
      <removed_mapping ext="bc" approved="true" type="PLAIN_TEXT" />
      <removed_mapping ext="knb" approved="true" type="PLAIN_TEXT" />
      <removed_mapping ext="knd" approved="true" type="PLAIN_TEXT" />
      <removed_mapping ext="knf" approved="true" type="PLAIN_TEXT" />
      <removed_mapping ext="knt" approved="true" type="PLAIN_TEXT" />
      <removed_mapping ext="plist" approved="true" type="PLAIN_TEXT" />
    </extensionMap>
  </component>
</application>