<application>
  <component name="ActionMacroManager">
    <macro name="Concatenate Line">
      <action id="EditorLineStart" />
      <action id="EditorLineEnd" />
      <action id="EditorLineEndWithSelection" />
      <action id="EditorNextWordWithSelection" />
    </macro>
    <macro name="Concatenate Comment">
      <action id="EditorLineStart" />
      <action id="EditorLineEnd" />
      <action id="EditorLineEndWithSelection" />
      <action id="EditorNextWordWithSelection" />
      <action id="EditorNextWordWithSelection" />
    </macro>
    <macro name="Non-NLS">
      <action id="EditorLineStart" />
      <action id="EditorLineEnd" />
      <action id="EditorLineEndWithSelection" />
      <typing text-keycode="">//&amp;#x20;NON-NLS</typing>
    </macro>
    <macro name="Dump Stack">
      <typing text-keycode="">Thread.dumpStack();</typing>
    </macro>
    <macro name="String">
      <action id="EditorTab" />
      <action id="EditorTab" />
      <typing text-keycode="">String</typing>
      <action id="EditorLineEnd" />
      <typing text-keycode="">;</typing>
      <action id="EditorDown" />
      <action id="EditorLineStart" />
    </macro>
    <macro name="@code">
      <action id="EditorCut" />
      <typing text-keycode="91:1;50:1;67:0;79:0;68:0;69:0;32:0">{@code</typing>
      <action id="EditorPaste" />
      <action id="EditorRight" />
    </macro>
    <macro name="parse">
      <action id="EditorSelectWord" />
      <action id="EditorSelectWord" />
      <action id="EditorCopy" />
      <action id="EditorLineEnd" />
      <action id="EditorLeft" />
      <action id="EditorLeft" />
      <typing text-keycode="44:0;32:0;0:1">,&amp;#x20;&quot;</typing>
      <action id="EditorPaste" />
      <action id="EditorNextWord" />
      <action id="EditorNextWord" />
      <action id="EditorNextWord" />
      <action id="EditorNextWord" />
      <action id="EditorNextWord" />
      <action id="EditorNextWord" />
      <action id="EditorNextWord" />
      <action id="EditorNextWord" />
      <action id="EditorNextWord" />
      <action id="EditorNextWord" />
      <action id="EditorNextWord" />
      <action id="EditorNextWord" />
      <action id="EditorNextWord" />
    </macro>
  </component>
</application>