<application>
  <component name="NotificationConfiguration">
    <notification groupId="Android Property Files Updating" />
    <notification groupId="Clean artifact" />
    <notification groupId="Common Version Control Messages" displayType="TOOL_WINDOW" />
    <notification groupId="Compiler" displayType="NONE" />
    <notification groupId="Database editor log" displayType="NONE" />
    <notification groupId="Database refactoring log" displayType="NONE" />
    <notification groupId="Database view" displayType="TOOL_WINDOW" />
    <notification groupId="Error Report" />
    <notification groupId="External Executable Critical Failures" displayType="TOOL_WINDOW" />
    <notification groupId="Framework Detection" />
    <notification groupId="HotSwap" displayType="TOOL_WINDOW" />
    <notification groupId="IDE Fatal Errors" displayType="NONE" />
    <notification groupId="IDE Usage Statistics" displayType="STICKY_BALLOON" shouldLog="false" />
    <notification groupId="JavaScript Library Management" displayType="STICKY_BALLOON" />
    <notification groupId="Maven Import" displayType="STICKY_BALLOON" />
    <notification groupId="Plugin Error" />
    <notification groupId="Plugins Suggestion" displayType="STICKY_BALLOON" />
    <notification groupId="Project Loading Error" />
    <notification groupId="Svn Roots Detection Errors" displayType="STICKY_BALLOON" />
    <notification groupId="System Messages" />
    <notification groupId="Test Results: Run" />
    <notification groupId="Test Runner" displayType="NONE" />
    <notification groupId="Update Checker" displayType="STICKY_BALLOON" />
    <notification groupId="update.available.group" displayType="STICKY_BALLOON" />
    <notification groupId="Upgrade Subscription Renewal" displayType="STICKY_BALLOON" />
  </component>
</application>