<application>
  <component name="ProjectManager">
    <defaultProject>
      <component name="CompilerConfiguration">
        <wildcardResourcePatterns>
          <entry name="!?*.java" />
          <entry name="!?*.form" />
          <entry name="!?*.class" />
          <entry name="!?*.groovy" />
          <entry name="!?*.scala" />
          <entry name="!?*.flex" />
          <entry name="!?*.kt" />
          <entry name="!?*.clj" />
        </wildcardResourcePatterns>
        <annotationProcessing>
          <profile default="true" name="Default" enabled="true" />
        </annotationProcessing>
      </component>
      <component name="Encoding">
        <file url="PROJECT" charset="x-MacRoman" />
      </component>
      <component name="InspectionProjectProfileManager">
        <profile version="1.0">
          <option name="myName" value="Project Default" />
          <inspection_tool class="ArchaicSystemPropertyAccess" enabled="true" level="WARNING" enabled_by_default="true" />
          <inspection_tool class="ArgNamesErrorsInspection" enabled="false" level="ERROR" enabled_by_default="false" />
          <inspection_tool class="ArgNamesWarningsInspection" enabled="false" level="WARNING" enabled_by_default="false" />
          <inspection_tool class="AroundAdviceStyleInspection" enabled="false" level="WARNING" enabled_by_default="false" />
          <inspection_tool class="ArquillianClassEnabled" enabled="false" level="ERROR" enabled_by_default="false" />
          <inspection_tool class="ArquillianDeploymentAbsent" enabled="false" level="ERROR" enabled_by_default="false" />
          <inspection_tool class="ArquillianDeploymentReturnType" enabled="false" level="ERROR" enabled_by_default="false" />
          <inspection_tool class="ArquillianDeploymentSignature" enabled="false" level="ERROR" enabled_by_default="false" />
          <inspection_tool class="ArquillianTooManyDeployment" enabled="false" level="ERROR" enabled_by_default="false" />
          <inspection_tool class="ArrayEquality" enabled="true" level="WARNING" enabled_by_default="true" />
          <inspection_tool class="AssertEqualsCalledOnArray" enabled="true" level="WARNING" enabled_by_default="true" />
          <inspection_tool class="AssertEqualsMayBeAssertSame" enabled="true" level="WARNING" enabled_by_default="true" />
          <inspection_tool class="AssignmentOrReturnOfFieldWithMutableType" enabled="true" level="WARNING" enabled_by_default="true" />
          <inspection_tool class="AssignmentToCatchBlockParameter" enabled="true" level="WARNING" enabled_by_default="true" />
          <inspection_tool class="AssignmentToCollectionFieldFromParameter" enabled="true" level="WARNING" enabled_by_default="true">
            <option name="ignorePrivateMethods" value="true" />
          </inspection_tool>
          <inspection_tool class="AssignmentToDateFieldFromParameter" enabled="true" level="WARNING" enabled_by_default="true">
            <option name="ignorePrivateMethods" value="true" />
          </inspection_tool>
          <inspection_tool class="AssignmentToForLoopParameter" enabled="true" level="WARNING" enabled_by_default="true">
            <option name="m_checkForeachParameters" value="false" />
          </inspection_tool>
          <inspection_tool class="AssignmentToStaticFieldFromInstanceMethod" enabled="true" level="WARNING" enabled_by_default="true" />
          <inspection_tool class="AssignmentToSuperclassField" enabled="true" level="WARNING" enabled_by_default="true" />
          <inspection_tool class="AssignmentUsedAsCondition" enabled="true" level="WARNING" enabled_by_default="true" />
          <inspection_tool class="AutoCloseableResource" enabled="true" level="WARNING" enabled_by_default="true" />
          <inspection_tool class="BadExceptionCaught" enabled="true" level="WARNING" enabled_by_default="true">
            <option name="exceptionsString" value="" />
            <option name="exceptions">
              <value />
            </option>
          </inspection_tool>
          <inspection_tool class="BadExceptionDeclared" enabled="true" level="WARNING" enabled_by_default="true">
            <option name="exceptionsString" value="" />
            <option name="exceptions">
              <value />
            </option>
            <option name="ignoreTestCases" value="false" />
            <option name="ignoreLibraryOverrides" value="false" />
          </inspection_tool>
          <inspection_tool class="BadExceptionThrown" enabled="true" level="WARNING" enabled_by_default="true">
            <option name="exceptionsString" value="" />
            <option name="exceptions">
              <value />
            </option>
          </inspection_tool>
          <inspection_tool class="BadOddness" enabled="true" level="WARNING" enabled_by_default="true" />
          <inspection_tool class="BigDecimalEquals" enabled="true" level="WARNING" enabled_by_default="true" />
          <inspection_tool class="BooleanExpressionMayBeConditional" enabled="true" level="WARNING" enabled_by_default="true" />
          <inspection_tool class="BooleanVariableAlwaysNegated" enabled="true" level="WARNING" enabled_by_default="true" />
          <inspection_tool class="CStyleArrayDeclaration" enabled="true" level="WARNING" enabled_by_default="true" />
          <inspection_tool class="CastConflictsWithInstanceof" enabled="true" level="WARNING" enabled_by_default="true" />
          <inspection_tool class="CastThatLosesPrecision" enabled="true" level="WARNING" enabled_by_default="true">
            <option name="ignoreIntegerCharCasts" value="true" />
            <option name="ignoreOverflowingByteCasts" value="true" />
          </inspection_tool>
          <inspection_tool class="CastToIncompatibleInterface" enabled="true" level="WARNING" enabled_by_default="true" />
          <inspection_tool class="CatchGenericClass" enabled="true" level="WARNING" enabled_by_default="true" />
          <inspection_tool class="CatchMayIgnoreException" enabled="true" level="WARNING" enabled_by_default="true">
            <option name="m_ignoreCatchBlocksWithComments" value="false" />
          </inspection_tool>
          <inspection_tool class="ChainedEquality" enabled="true" level="WARNING" enabled_by_default="true" />
          <inspection_tool class="ChannelResource" enabled="true" level="WARNING" enabled_by_default="true">
            <option name="insideTryAllowed" value="false" />
          </inspection_tool>
          <inspection_tool class="CharUsedInArithmeticContext" enabled="true" level="WARNING" enabled_by_default="true" />
          <inspection_tool class="ClassCoupling" enabled="true" level="WARNING" enabled_by_default="true">
            <option name="m_includeJavaClasses" value="false" />
            <option name="m_includeLibraryClasses" value="false" />
            <option name="m_limit" value="15" />
          </inspection_tool>
          <inspection_tool class="ClassMayBeInterface" enabled="true" level="WARNING" enabled_by_default="true" />
          <inspection_tool class="ClassNameDiffersFromFileName" enabled="true" level="WARNING" enabled_by_default="true" />
          <inspection_tool class="ClassNewInstance" enabled="true" level="ERROR" enabled_by_default="true" />
          <inspection_tool class="ClassWithOnlyPrivateConstructors" enabled="true" level="WARNING" enabled_by_default="true" />
          <inspection_tool class="ClassWithTooManyTransitiveDependencies" enabled="true" level="WARNING" enabled_by_default="true">
            <option name="limit" value="35" />
          </inspection_tool>
          <inspection_tool class="ClassWithTooManyTransitiveDependents" enabled="true" level="WARNING" enabled_by_default="true">
            <option name="limit" value="35" />
          </inspection_tool>
          <inspection_tool class="CloneCallsConstructors" enabled="true" level="WARNING" enabled_by_default="true" />
          <inspection_tool class="CloneInNonCloneableClass" enabled="true" level="WARNING" enabled_by_default="true" />
          <inspection_tool class="CloneReturnsClassType" enabled="true" level="WARNING" enabled_by_default="true" />
          <inspection_tool class="CloneableImplementsClone" enabled="true" level="WARNING" enabled_by_default="true">
            <option name="m_ignoreCloneableDueToInheritance" value="false" />
          </inspection_tool>
          <inspection_tool class="ComparableImplementedButEqualsNotOverridden" enabled="true" level="WARNING" enabled_by_default="true" />
          <inspection_tool class="CompareToUsesNonFinalVariable" enabled="true" level="WARNING" enabled_by_default="true" />
          <inspection_tool class="ComparisonOfShortAndChar" enabled="true" level="WARNING" enabled_by_default="true" />
          <inspection_tool class="ComparisonToNaN" enabled="true" level="WARNING" enabled_by_default="true" />
          <inspection_tool class="ConditionalExpressionWithIdenticalBranches" enabled="true" level="WARNING" enabled_by_default="true" />
          <inspection_tool class="ConfusingElse" enabled="true" level="WARNING" enabled_by_default="true">
            <option name="reportWhenNoStatementFollow" value="false" />
          </inspection_tool>
          <inspection_tool class="ConfusingFloatingPointLiteral" enabled="true" level="WARNING" enabled_by_default="true" />
          <inspection_tool class="ConfusingOctalEscape" enabled="true" level="WARNING" enabled_by_default="true" />
          <inspection_tool class="ConstantConditions" enabled="true" level="WARNING" enabled_by_default="true">
            <option name="SUGGEST_NULLABLE_ANNOTATIONS" value="true" />
            <option name="DONT_REPORT_TRUE_ASSERT_STATEMENTS" value="true" />
            <option name="IGNORE_ASSERT_STATEMENTS" value="true" />
          </inspection_tool>
          <inspection_tool class="ConstantMathCall" enabled="true" level="WARNING" enabled_by_default="true" />
          <inspection_tool class="ConstantValueVariableUse" enabled="true" level="WARNING" enabled_by_default="true" />
          <inspection_tool class="ControlFlowStatementWithoutBraces" enabled="true" level="WARNING" enabled_by_default="true" />
          <inspection_tool class="CovariantCompareTo" enabled="true" level="WARNING" enabled_by_default="true" />
          <inspection_tool class="CovariantEquals" enabled="true" level="WARNING" enabled_by_default="true" />
          <inspection_tool class="CssNoGenericFontName" enabled="false" level="WARNING" enabled_by_default="false" />
          <inspection_tool class="CssOverwrittenProperties" enabled="false" level="WARNING" enabled_by_default="false" />
          <inspection_tool class="CyclicClassDependency" enabled="true" level="WARNING" enabled_by_default="true" />
          <inspection_tool class="CyclicPackageDependency" enabled="true" level="WARNING" enabled_by_default="true" />
          <inspection_tool class="DateToString" enabled="true" level="WARNING" enabled_by_default="true" />
          <inspection_tool class="DeclareParentsInspection" enabled="false" level="ERROR" enabled_by_default="false" />
          <inspection_tool class="DefaultNotLastCaseInSwitch" enabled="true" level="WARNING" enabled_by_default="true" />
          <inspection_tool class="DoubleLiteralMayBeFloatLiteral" enabled="true" level="WARNING" enabled_by_default="true" />
          <inspection_tool class="DriverManagerGetConnection" enabled="true" level="WARNING" enabled_by_default="true" />
          <inspection_tool class="DuplicateBooleanBranch" enabled="true" level="WARNING" enabled_by_default="true" />
          <inspection_tool class="DuplicateCondition" enabled="true" level="WARNING" enabled_by_default="true">
            <option name="ignoreSideEffectConditions" value="true" />
          </inspection_tool>
          <inspection_tool class="EmptyCatchBlock" enabled="false" level="WARNING" enabled_by_default="false">
            <option name="m_includeComments" value="true" />
            <option name="m_ignoreTestCases" value="true" />
            <option name="m_ignoreIgnoreParameter" value="true" />
          </inspection_tool>
          <inspection_tool class="EmptyInitializer" enabled="true" level="WARNING" enabled_by_default="true" />
          <inspection_tool class="EmptySynchronizedStatement" enabled="true" level="WARNING" enabled_by_default="true" />
          <inspection_tool class="EnumSwitchStatementWhichMissesCases" enabled="true" level="WARNING" enabled_by_default="true">
            <option name="ignoreSwitchStatementsWithDefault" value="false" />
          </inspection_tool>
          <inspection_tool class="EqualsAndHashcode" enabled="true" level="WARNING" enabled_by_default="true" />
          <inspection_tool class="EqualsCalledOnEnumConstant" enabled="true" level="WARNING" enabled_by_default="true" />
          <inspection_tool class="EqualsHashCodeCalledOnUrl" enabled="true" level="WARNING" enabled_by_default="true" />
          <inspection_tool class="EqualsReplaceableByObjectsCall" enabled="true" level="WARNING" enabled_by_default="true" />
          <inspection_tool class="EqualsUsesNonFinalVariable" enabled="true" level="WARNING" enabled_by_default="true" />
          <inspection_tool class="ErrorRethrown" enabled="true" level="WARNING" enabled_by_default="true" />
          <inspection_tool class="ExceptionFromCatchWhichDoesntWrap" enabled="true" level="WARNING" enabled_by_default="true">
            <option name="ignoreGetMessage" value="false" />
            <option name="ignoreCantWrap" value="false" />
          </inspection_tool>
          <inspection_tool class="ExtendsThread" enabled="true" level="WARNING" enabled_by_default="true" />
          <inspection_tool class="FallthruInSwitchStatement" enabled="true" level="WARNING" enabled_by_default="true" />
          <inspection_tool class="FieldAccessNotGuarded" enabled="true" level="WARNING" enabled_by_default="true" />
          <inspection_tool class="FieldAccessedSynchronizedAndUnsynchronized" enabled="true" level="WARNING" enabled_by_default="true">
            <option name="countGettersAndSetters" value="false" />
          </inspection_tool>
          <inspection_tool class="FieldHidesSuperclassField" enabled="true" level="WARNING" enabled_by_default="true">
            <option name="m_ignoreInvisibleFields" value="true" />
          </inspection_tool>
          <inspection_tool class="Finalize" enabled="true" level="WARNING" enabled_by_default="true">
            <option name="ignoreTrivialFinalizers" value="true" />
          </inspection_tool>
          <inspection_tool class="FinalizeNotProtected" enabled="true" level="WARNING" enabled_by_default="true" />
          <inspection_tool class="FloatingPointEquality" enabled="true" level="WARNING" enabled_by_default="true" />
          <inspection_tool class="ForLoopReplaceableByWhile" enabled="true" level="WARNING" enabled_by_default="true">
            <option name="m_ignoreLoopsWithoutConditions" value="false" />
          </inspection_tool>
          <inspection_tool class="ForLoopThatDoesntUseLoopVariable" enabled="true" level="WARNING" enabled_by_default="true" />
          <inspection_tool class="HTML" level="WARNING" enabled="true">
            <option name="myAdditionalHtmlTags" value="embed,nobr,noembed,comment,script" />
            <option name="myAdditionalHtmlAttributes" value="type,wmode,src,width,height,language,name" />
            <option name="myCheckHtmlTags" value="true" />
            <option name="myCheckHtmlAttributes" value="true" />
          </inspection_tool>
          <inspection_tool class="HardCodedStringLiteral" enabled="true" level="WARNING" enabled_by_default="true">
            <option name="ignoreForAssertStatements" value="true" />
            <option name="ignoreForExceptionConstructors" value="true" />
            <option name="ignoreForSpecifiedExceptionConstructors" value="" />
            <option name="ignoreForJUnitAsserts" value="true" />
            <option name="ignoreForClassReferences" value="true" />
            <option name="ignoreForPropertyKeyReferences" value="true" />
            <option name="ignoreForNonAlpha" value="true" />
            <option name="ignoreAssignedToConstants" value="true" />
            <option name="ignoreToString" value="false" />
            <option name="nonNlsCommentPattern" value="NON-NLS" />
          </inspection_tool>
          <inspection_tool class="HardcodedFileSeparators" enabled="true" level="WARNING" enabled_by_default="true">
            <option name="m_recognizeExampleMediaType" value="false" />
          </inspection_tool>
          <inspection_tool class="HardcodedLineSeparators" enabled="true" level="WARNING" enabled_by_default="true" />
          <inspection_tool class="HashCodeUsesNonFinalVariable" enabled="true" level="WARNING" enabled_by_default="true" />
          <inspection_tool class="HibernateResource" enabled="true" level="WARNING" enabled_by_default="true">
            <option name="insideTryAllowed" value="false" />
          </inspection_tool>
          <inspection_tool class="HtmlTagCanBeJavadocTag" enabled="true" level="WARNING" enabled_by_default="true" />
          <inspection_tool class="HtmlUnknownAttribute" enabled="true" level="WARNING" enabled_by_default="true">
            <option name="myValues">
              <value>
                <list size="6">
                  <item index="0" class="java.lang.String" itemvalue="type" />
                  <item index="1" class="java.lang.String" itemvalue="wmode" />
                  <item index="2" class="java.lang.String" itemvalue="src" />
                  <item index="3" class="java.lang.String" itemvalue="width" />
                  <item index="4" class="java.lang.String" itemvalue="height" />
                  <item index="5" class="java.lang.String" itemvalue="name" />
                </list>
              </value>
            </option>
            <option name="myCustomValuesEnabled" value="true" />
          </inspection_tool>
          <inspection_tool class="IOResource" enabled="true" level="WARNING" enabled_by_default="true">
            <option name="ignoredTypesString" value="java.io.ByteArrayOutputStream,java.io.ByteArrayInputStream,java.io.StringBufferInputStream,java.io.CharArrayWriter,java.io.CharArrayReader,java.io.StringWriter,java.io.StringReader" />
            <option name="insideTryAllowed" value="false" />
          </inspection_tool>
          <inspection_tool class="IfStatementWithIdenticalBranches" enabled="true" level="WARNING" enabled_by_default="true" />
          <inspection_tool class="ImplicitCallToSuper" enabled="true" level="WARNING" enabled_by_default="true">
            <option name="m_ignoreForObjectSubclasses" value="true" />
          </inspection_tool>
          <inspection_tool class="ImplicitNumericConversion" enabled="true" level="WARNING" enabled_by_default="true">
            <option name="ignoreWideningConversions" value="true" />
            <option name="ignoreCharConversions" value="false" />
            <option name="ignoreConstantConversions" value="false" />
          </inspection_tool>
          <inspection_tool class="InnerClassVariableHidesOuterClassVariable" enabled="true" level="WARNING" enabled_by_default="true">
            <option name="m_ignoreInvisibleFields" value="true" />
          </inspection_tool>
          <inspection_tool class="InstanceGuardedByStatic" enabled="true" level="WARNING" enabled_by_default="true" />
          <inspection_tool class="InstanceofCatchParameter" enabled="true" level="WARNING" enabled_by_default="true" />
          <inspection_tool class="InstanceofIncompatibleInterface" enabled="true" level="WARNING" enabled_by_default="true" />
          <inspection_tool class="InstantiationOfUtilityClass" enabled="true" level="WARNING" enabled_by_default="true" />
          <inspection_tool class="IntLiteralMayBeLongLiteral" enabled="true" level="WARNING" enabled_by_default="true" />
          <inspection_tool class="IntegerDivisionInFloatingPointContext" enabled="true" level="WARNING" enabled_by_default="true" />
          <inspection_tool class="IntegerMultiplicationImplicitCastToLong" enabled="true" level="WARNING" enabled_by_default="true">
            <option name="ignoreNonOverflowingCompileTimeConstants" value="true" />
          </inspection_tool>
          <inspection_tool class="InterfaceMayBeAnnotatedFunctional" enabled="true" level="WARNING" enabled_by_default="true" />
          <inspection_tool class="IteratorHasNextCallsIteratorNext" enabled="true" level="WARNING" enabled_by_default="true" />
          <inspection_tool class="IteratorNextDoesNotThrowNoSuchElementException" enabled="true" level="WARNING" enabled_by_default="true" />
          <inspection_tool class="JDBCResource" enabled="true" level="WARNING" enabled_by_default="true">
            <option name="insideTryAllowed" value="false" />
          </inspection_tool>
          <inspection_tool class="JNDIResource" enabled="true" level="WARNING" enabled_by_default="true">
            <option name="insideTryAllowed" value="false" />
          </inspection_tool>
          <inspection_tool class="JavaLangImport" enabled="true" level="WARNING" enabled_by_default="true" />
          <inspection_tool class="JavaLangReflect" enabled="true" level="WARNING" enabled_by_default="true" />
          <inspection_tool class="JavadocHtmlLint" enabled="true" level="ERROR" enabled_by_default="true" />
          <inspection_tool class="LengthOneStringInIndexOf" enabled="true" level="WARNING" enabled_by_default="true" />
          <inspection_tool class="LengthOneStringsInConcatenation" enabled="true" level="WARNING" enabled_by_default="true" />
          <inspection_tool class="LimitedScopeInnerClass" enabled="true" level="WARNING" enabled_by_default="true" />
          <inspection_tool class="ListIndexOfReplaceableByContains" enabled="true" level="WARNING" enabled_by_default="true" />
          <inspection_tool class="ListenerMayUseAdapter" enabled="true" level="WARNING" enabled_by_default="true">
            <option name="checkForEmptyMethods" value="true" />
          </inspection_tool>
          <inspection_tool class="LiteralAsArgToStringEquals" enabled="true" level="WARNING" enabled_by_default="true" />
          <inspection_tool class="LocalVariableHidingMemberVariable" enabled="true" level="WARNING" enabled_by_default="true">
            <option name="m_ignoreInvisibleFields" value="true" />
            <option name="m_ignoreStaticMethods" value="true" />
          </inspection_tool>
          <inspection_tool class="LoopWithImplicitTerminationCondition" enabled="true" level="WARNING" enabled_by_default="true" />
          <inspection_tool class="MagicCharacter" enabled="true" level="WARNING" enabled_by_default="true" />
          <inspection_tool class="MagicNumber" enabled="true" level="WARNING" enabled_by_default="true" />
          <inspection_tool class="MapReplaceableByEnumMap" enabled="true" level="WARNING" enabled_by_default="true" />
          <inspection_tool class="MethodOnlyUsedFromInnerClass" enabled="false" level="WARNING" enabled_by_default="false">
            <option name="ignoreMethodsAccessedFromAnonymousClass" value="true" />
            <option name="ignoreStaticMethodsFromNonStaticInnerClass" value="false" />
            <option name="onlyReportStaticMethods" value="false" />
          </inspection_tool>
          <inspection_tool class="MethodOverloadsParentMethod" enabled="true" level="WARNING" enabled_by_default="true" />
          <inspection_tool class="MethodOverridesPackageLocalMethod" enabled="true" level="WARNING" enabled_by_default="true" />
          <inspection_tool class="MethodOverridesPrivateMethod" enabled="true" level="WARNING" enabled_by_default="true" />
          <inspection_tool class="MethodOverridesStaticMethod" enabled="true" level="WARNING" enabled_by_default="true" />
          <inspection_tool class="MissingDeprecatedAnnotation" enabled="true" level="WARNING" enabled_by_default="true">
            <option name="warnOnMissingJavadoc" value="true" />
          </inspection_tool>
          <inspection_tool class="MissingOverrideAnnotation" enabled="true" level="WEAK WARNING" enabled_by_default="true">
            <option name="ignoreObjectMethods" value="false" />
            <option name="ignoreAnonymousClassMethods" value="false" />
          </inspection_tool>
          <inspection_tool class="MissortedModifiers" enabled="true" level="WARNING" enabled_by_default="true">
            <option name="m_requireAnnotationsFirst" value="true" />
          </inspection_tool>
          <inspection_tool class="MisspelledCompareTo" enabled="true" level="WARNING" enabled_by_default="true" />
          <inspection_tool class="MisspelledEquals" enabled="true" level="WARNING" enabled_by_default="true" />
          <inspection_tool class="MisspelledHashcode" enabled="true" level="WARNING" enabled_by_default="true" />
          <inspection_tool class="MisspelledToString" enabled="true" level="WARNING" enabled_by_default="true" />
          <inspection_tool class="MultipleDeclaration" enabled="true" level="WARNING" enabled_by_default="true">
            <option name="ignoreForLoopDeclarations" value="true" />
          </inspection_tool>
          <inspection_tool class="MultipleTypedDeclaration" enabled="true" level="WARNING" enabled_by_default="true" />
          <inspection_tool class="NativeMethods" enabled="true" level="WARNING" enabled_by_default="true" />
          <inspection_tool class="NegatedConditional" enabled="true" level="WARNING" enabled_by_default="true">
            <option name="m_ignoreNegatedNullComparison" value="true" />
          </inspection_tool>
          <inspection_tool class="NegatedConditionalExpression" enabled="true" level="WARNING" enabled_by_default="true" />
          <inspection_tool class="NegatedEqualityExpression" enabled="true" level="WARNING" enabled_by_default="true" />
          <inspection_tool class="NegatedIfElse" enabled="true" level="WARNING" enabled_by_default="true">
            <option name="m_ignoreNegatedNullComparison" value="true" />
            <option name="m_ignoreNegatedZeroComparison" value="false" />
          </inspection_tool>
          <inspection_tool class="NegativelyNamedBooleanVariable" enabled="true" level="WARNING" enabled_by_default="true" />
          <inspection_tool class="NestedAssignment" enabled="true" level="WARNING" enabled_by_default="true" />
          <inspection_tool class="NestedSwitchStatement" enabled="true" level="WARNING" enabled_by_default="true" />
          <inspection_tool class="NestedTryStatement" enabled="true" level="WARNING" enabled_by_default="true" />
          <inspection_tool class="NewExceptionWithoutArguments" enabled="true" level="WARNING" enabled_by_default="true" />
          <inspection_tool class="NonFinalFieldInEnum" enabled="true" level="WARNING" enabled_by_default="true" />
          <inspection_tool class="NonFinalFieldInImmutable" enabled="true" level="WARNING" enabled_by_default="true" />
          <inspection_tool class="NonFinalFieldOfException" enabled="true" level="WARNING" enabled_by_default="true" />
          <inspection_tool class="NonFinalGuard" enabled="true" level="WARNING" enabled_by_default="true" />
          <inspection_tool class="NonFinalUtilityClass" enabled="true" level="WARNING" enabled_by_default="true" />
          <inspection_tool class="NonPublicClone" enabled="true" level="WARNING" enabled_by_default="true" />
          <inspection_tool class="NonReproducibleMathCall" enabled="true" level="WARNING" enabled_by_default="true" />
          <inspection_tool class="NonSerializableWithSerialVersionUIDField" enabled="true" level="WARNING" enabled_by_default="true" />
          <inspection_tool class="NonSerializableWithSerializationMethods" enabled="true" level="WARNING" enabled_by_default="true" />
          <inspection_tool class="NonShortCircuitBoolean" enabled="true" level="WARNING" enabled_by_default="true" />
          <inspection_tool class="NoopMethodInAbstractClass" enabled="true" level="WARNING" enabled_by_default="true" />
          <inspection_tool class="NullThrown" enabled="true" level="WARNING" enabled_by_default="true" />
          <inspection_tool class="NumericToString" enabled="true" level="WARNING" enabled_by_default="true" />
          <inspection_tool class="ObjectEquality" enabled="true" level="WARNING" enabled_by_default="true">
            <option name="m_ignoreEnums" value="true" />
            <option name="m_ignoreClassObjects" value="true" />
            <option name="m_ignorePrivateConstructors" value="true" />
          </inspection_tool>
          <inspection_tool class="ObjectToString" enabled="true" level="WARNING" enabled_by_default="true" />
          <inspection_tool class="ObsoleteCollection" enabled="true" level="WARNING" enabled_by_default="true">
            <option name="ignoreRequiredObsoleteCollectionTypes" value="false" />
          </inspection_tool>
          <inspection_tool class="OctalAndDecimalIntegersMixed" enabled="true" level="WARNING" enabled_by_default="true" />
          <inspection_tool class="OnDemandImport" enabled="true" level="WARNING" enabled_by_default="true" />
          <inspection_tool class="PackageVisibleField" enabled="true" level="WARNING" enabled_by_default="true" />
          <inspection_tool class="ParameterHidingMemberVariable" enabled="false" level="WARNING" enabled_by_default="false">
            <option name="m_ignoreInvisibleFields" value="true" />
            <option name="m_ignoreStaticMethodParametersHidingInstanceFields" value="true" />
            <option name="m_ignoreForConstructors" value="true" />
            <option name="m_ignoreForPropertySetters" value="true" />
            <option name="m_ignoreForAbstractMethods" value="true" />
          </inspection_tool>
          <inspection_tool class="PointcutMethodStyleInspection" enabled="false" level="WARNING" enabled_by_default="false" />
          <inspection_tool class="PointlessIndexOfComparison" enabled="true" level="WARNING" enabled_by_default="true" />
          <inspection_tool class="ProtectedField" enabled="true" level="WARNING" enabled_by_default="true" />
          <inspection_tool class="ProtectedMemberInFinalClass" enabled="true" level="WARNING" enabled_by_default="true" />
          <inspection_tool class="PublicConstructorInNonPublicClass" enabled="true" level="WARNING" enabled_by_default="true" />
          <inspection_tool class="PublicField" enabled="true" level="WARNING" enabled_by_default="true">
            <option name="ignoreEnums" value="false" />
            <option name="ignorableAnnotations">
              <value />
            </option>
          </inspection_tool>
          <inspection_tool class="PublicStaticArrayField" enabled="true" level="WARNING" enabled_by_default="true" />
          <inspection_tool class="PublicStaticCollectionField" enabled="true" level="WARNING" enabled_by_default="true" />
          <inspection_tool class="RandomDoubleForRandomInteger" enabled="true" level="WARNING" enabled_by_default="true" />
          <inspection_tool class="ReplaceAssignmentWithOperatorAssignment" enabled="true" level="WARNING" enabled_by_default="true">
            <option name="ignoreLazyOperators" value="true" />
            <option name="ignoreObscureOperators" value="false" />
          </inspection_tool>
          <inspection_tool class="RequiredAttributes" enabled="true" level="WARNING" enabled_by_default="true">
            <option name="myAdditionalRequiredHtmlAttributes" value="action" />
          </inspection_tool>
          <inspection_tool class="ResultOfObjectAllocationIgnored" enabled="true" level="WARNING" enabled_by_default="true" />
          <inspection_tool class="ResultSetIndexZero" enabled="true" level="WARNING" enabled_by_default="true" />
          <inspection_tool class="ReturnNull" enabled="true" level="WARNING" enabled_by_default="true">
            <option name="m_reportObjectMethods" value="true" />
            <option name="m_reportArrayMethods" value="true" />
            <option name="m_reportCollectionMethods" value="true" />
            <option name="m_ignorePrivateMethods" value="true" />
          </inspection_tool>
          <inspection_tool class="ReturnOfCollectionField" enabled="true" level="WARNING" enabled_by_default="true">
            <option name="ignorePrivateMethods" value="true" />
          </inspection_tool>
          <inspection_tool class="ReturnOfDateField" enabled="true" level="WARNING" enabled_by_default="true" />
          <inspection_tool class="RuntimeExec" enabled="true" level="WARNING" enabled_by_default="true" />
          <inspection_tool class="SafeLock" enabled="true" level="WARNING" enabled_by_default="true" />
          <inspection_tool class="SerialVersionUIDNotStaticFinal" enabled="true" level="WARNING" enabled_by_default="true" />
          <inspection_tool class="SerializableWithUnconstructableAncestor" enabled="true" level="WARNING" enabled_by_default="true" />
          <inspection_tool class="SetReplaceableByEnumSet" enabled="true" level="WARNING" enabled_by_default="true" />
          <inspection_tool class="SimplifiableAnnotation" enabled="true" level="WARNING" enabled_by_default="true" />
          <inspection_tool class="Singleton" enabled="true" level="WARNING" enabled_by_default="true" />
          <inspection_tool class="SizeReplaceableByIsEmpty" enabled="true" level="WARNING" enabled_by_default="true" />
          <inspection_tool class="SleepWhileHoldingLock" enabled="true" level="WARNING" enabled_by_default="true" />
          <inspection_tool class="SocketResource" enabled="true" level="WARNING" enabled_by_default="true">
            <option name="insideTryAllowed" value="false" />
          </inspection_tool>
          <inspection_tool class="StaticGuardedByInstance" enabled="true" level="WARNING" enabled_by_default="true" />
          <inspection_tool class="StaticNonFinalField" enabled="true" level="WARNING" enabled_by_default="true" />
          <inspection_tool class="StringBufferToStringInConcatenation" enabled="true" level="WARNING" enabled_by_default="true" />
          <inspection_tool class="StringConcatenation" enabled="true" level="WARNING" enabled_by_default="true">
            <option name="ignoreAsserts" value="false" />
            <option name="ignoreSystemOuts" value="false" />
            <option name="ignoreSystemErrs" value="false" />
            <option name="ignoreThrowableArguments" value="false" />
            <option name="ignoreConstantInitializers" value="false" />
            <option name="ignoreInTestCode" value="false" />
            <option name="ignoreInToString" value="false" />
          </inspection_tool>
          <inspection_tool class="StringConcatenationInFormatCall" enabled="true" level="WARNING" enabled_by_default="true" />
          <inspection_tool class="StringConcatenationInMessageFormatCall" enabled="true" level="WARNING" enabled_by_default="true" />
          <inspection_tool class="StringConcatenationMissingWhitespace" enabled="true" level="WARNING" enabled_by_default="true" />
          <inspection_tool class="StringEqualsEmptyString" enabled="true" level="WARNING" enabled_by_default="true" />
          <inspection_tool class="StringReplaceableByStringBuffer" enabled="true" level="WARNING" enabled_by_default="true">
            <option name="onlyWarnOnLoop" value="true" />
          </inspection_tool>
          <inspection_tool class="SubtractionInCompareTo" enabled="true" level="WARNING" enabled_by_default="true" />
          <inspection_tool class="SuspiciousArrayCast" enabled="true" level="WARNING" enabled_by_default="true" />
          <inspection_tool class="SuspiciousIndentAfterControlStatement" enabled="true" level="WARNING" enabled_by_default="true" />
          <inspection_tool class="SuspiciousLiteralUnderscore" enabled="true" level="WARNING" enabled_by_default="true" />
          <inspection_tool class="SwitchStatementsWithoutDefault" enabled="true" level="WARNING" enabled_by_default="true">
            <option name="m_ignoreFullyCoveredEnums" value="true" />
          </inspection_tool>
          <inspection_tool class="SystemGetenv" enabled="true" level="WARNING" enabled_by_default="true" />
          <inspection_tool class="SystemOutErr" enabled="true" level="WARNING" enabled_by_default="true">
            <scope name="Tests" level="WARNING" enabled="false" />
          </inspection_tool>
          <inspection_tool class="TailRecursion" enabled="true" level="WARNING" enabled_by_default="true" />
          <inspection_tool class="TestOnlyProblems" enabled="true" level="WARNING" enabled_by_default="true" />
          <inspection_tool class="TextLabelInSwitchStatement" enabled="true" level="WARNING" enabled_by_default="true" />
          <inspection_tool class="ThreadDeathRethrown" enabled="true" level="WARNING" enabled_by_default="true" />
          <inspection_tool class="ThreadRun" enabled="true" level="WARNING" enabled_by_default="true" />
          <inspection_tool class="ThreadStopSuspendResume" enabled="true" level="WARNING" enabled_by_default="true" />
          <inspection_tool class="ThreadWithDefaultRunMethod" enabled="true" level="WARNING" enabled_by_default="true" />
          <inspection_tool class="ThreadYield" enabled="true" level="WARNING" enabled_by_default="true" />
          <inspection_tool class="ThrowCaughtLocally" enabled="true" level="WARNING" enabled_by_default="true">
            <option name="ignoreRethrownExceptions" value="false" />
          </inspection_tool>
          <inspection_tool class="TimeToString" enabled="true" level="WARNING" enabled_by_default="true" />
          <inspection_tool class="TooBroadCatch" enabled="true" level="WARNING" enabled_by_default="true" />
          <inspection_tool class="TooBroadScope" enabled="true" level="WARNING" enabled_by_default="true">
            <option name="m_allowConstructorAsInitializer" value="false" />
            <option name="m_onlyLookAtBlocks" value="true" />
          </inspection_tool>
          <inspection_tool class="TooBroadThrows" enabled="true" level="WARNING" enabled_by_default="true" />
          <inspection_tool class="TrivialStringConcatenation" enabled="true" level="WARNING" enabled_by_default="true" />
          <inspection_tool class="UnaryPlus" enabled="true" level="WARNING" enabled_by_default="true" />
          <inspection_tool class="UnclearBinaryExpression" enabled="true" level="WARNING" enabled_by_default="true" />
          <inspection_tool class="UnknownGuard" enabled="true" level="WARNING" enabled_by_default="true" />
          <inspection_tool class="UnnecessaryBlockStatement" enabled="true" level="WARNING" enabled_by_default="true">
            <option name="ignoreSwitchBranches" value="true" />
          </inspection_tool>
          <inspection_tool class="UnnecessaryConstantArrayCreationExpression" enabled="true" level="WARNING" enabled_by_default="true" />
          <inspection_tool class="UnnecessaryExplicitNumericCast" enabled="true" level="WARNING" enabled_by_default="true" />
          <inspection_tool class="UnnecessaryLabelOnBreakStatement" enabled="false" level="WARNING" enabled_by_default="false" />
          <inspection_tool class="UnnecessaryUnaryMinus" enabled="true" level="WARNING" enabled_by_default="true" />
          <inspection_tool class="UnpredictableBigDecimalConstructorCall" enabled="true" level="WARNING" enabled_by_default="true">
            <option name="ignoreReferences" value="true" />
            <option name="ignoreComplexLiterals" value="false" />
          </inspection_tool>
          <inspection_tool class="UnusedCatchParameter" enabled="true" level="WARNING" enabled_by_default="true">
            <option name="m_ignoreCatchBlocksWithComments" value="false" />
            <option name="m_ignoreTestCases" value="false" />
          </inspection_tool>
          <inspection_tool class="UseOfAWTPeerClass" enabled="true" level="WARNING" enabled_by_default="true" />
          <inspection_tool class="UseOfAnotherObjectsPrivateField" enabled="true" level="WARNING" enabled_by_default="true">
            <option name="ignoreSameClass" value="true" />
            <option name="ignoreEquals" value="false" />
          </inspection_tool>
          <inspection_tool class="UseOfClone" enabled="true" level="WARNING" enabled_by_default="true" />
          <inspection_tool class="UseOfJDBCDriverClass" enabled="true" level="WARNING" enabled_by_default="true" />
          <inspection_tool class="UseOfProcessBuilder" enabled="true" level="WARNING" enabled_by_default="true" />
          <inspection_tool class="UseOfPropertiesAsHashtable" enabled="true" level="WARNING" enabled_by_default="true" />
          <inspection_tool class="UseOfSunClasses" enabled="true" level="WARNING" enabled_by_default="true" />
          <inspection_tool class="UtilityClassCanBeEnum" enabled="true" level="WARNING" enabled_by_default="true" />
          <inspection_tool class="UtilityClassWithPublicConstructor" enabled="true" level="WARNING" enabled_by_default="true" />
          <inspection_tool class="UtilityClassWithoutPrivateConstructor" enabled="true" level="WARNING" enabled_by_default="true">
            <option name="ignorableAnnotations">
              <value />
            </option>
            <option name="ignoreClassesWithOnlyMain" value="false" />
          </inspection_tool>
          <inspection_tool class="WaitCalledOnCondition" enabled="true" level="WARNING" enabled_by_default="true" />
          <inspection_tool class="WaitNotInLoop" enabled="true" level="WARNING" enabled_by_default="true" />
          <inspection_tool class="WaitNotInSynchronizedContext" enabled="true" level="WARNING" enabled_by_default="true" />
          <inspection_tool class="WaitWhileHoldingTwoLocks" enabled="true" level="WARNING" enabled_by_default="true" />
          <inspection_tool class="WhileLoopSpinsOnField" enabled="true" level="WARNING" enabled_by_default="true">
            <option name="ignoreNonEmtpyLoops" value="false" />
          </inspection_tool>
          <inspection_tool class="ZeroLengthArrayInitialization" enabled="true" level="WARNING" enabled_by_default="true" />
        </profile>
        <version value="1.0" />
      </component>
      <component name="MavenRunner">
        <option name="jreName" value="9.0" />
      </component>
      <component name="ProjectCodeStyleConfiguration">
        <option name="PREFERRED_PROJECT_CODE_STYLE" value="Spaces" />
      </component>
      <component name="ProjectDictionaryState">
        <dictionary name="miguelmunoz" />
      </component>
      <component name="ProjectInspectionProfilesVisibleTreeState">
        <entry key="Project Default">
          <profile-state>
            <expanded-state>
              <State />
              <State>
                <id>AOP</id>
              </State>
              <State>
                <id>Abstraction issuesJava</id>
              </State>
              <State>
                <id>AccessibilityHTML</id>
              </State>
              <State>
                <id>Angular</id>
              </State>
              <State>
                <id>Ant</id>
              </State>
              <State>
                <id>ArquillianJava</id>
              </State>
              <State>
                <id>Assignment issuesGroovy</id>
              </State>
              <State>
                <id>Assignment issuesJava</id>
              </State>
              <State>
                <id>Assignment issuesJavaScript and TypeScript</id>
              </State>
              <State>
                <id>Async code and promisesJavaScript and TypeScript</id>
              </State>
              <State>
                <id>Bitwise operation issuesJava</id>
              </State>
              <State>
                <id>Bitwise operation issuesJavaScript and TypeScript</id>
              </State>
              <State>
                <id>CSS</id>
              </State>
              <State>
                <id>Class metricsJava</id>
              </State>
              <State>
                <id>Class structureJava</id>
              </State>
              <State>
                <id>Cloning issuesJava</id>
              </State>
              <State>
                <id>Code maturityJava</id>
              </State>
              <State>
                <id>Code style issuesCSS</id>
              </State>
              <State>
                <id>Code style issuesJava</id>
              </State>
              <State>
                <id>Code style issuesJavaScript and TypeScript</id>
              </State>
              <State>
                <id>CodeSpring CoreSpring</id>
              </State>
              <State>
                <id>CommonReactive Streams</id>
              </State>
              <State>
                <id>Compiler issuesJava</id>
              </State>
              <State>
                <id>Concurrency annotation issuesJava</id>
              </State>
              <State>
                <id>Control flow issuesGroovy</id>
              </State>
              <State>
                <id>Control flow issuesJava</id>
              </State>
              <State>
                <id>Control flow issuesJavaScript and TypeScript</id>
              </State>
              <State>
                <id>DOM issuesJavaScript and TypeScript</id>
              </State>
              <State>
                <id>Data flowGroovy</id>
              </State>
              <State>
                <id>Data flowJava</id>
              </State>
              <State>
                <id>Declaration redundancyJava</id>
              </State>
              <State>
                <id>Dependency issuesJava</id>
              </State>
              <State>
                <id>Docker-compose</id>
              </State>
              <State>
                <id>Dockerfile</id>
              </State>
              <State>
                <id>ECMAScript 6 migration aidsJavaScript and TypeScript</id>
              </State>
              <State>
                <id>EditorConfig</id>
              </State>
              <State>
                <id>EduTools</id>
              </State>
              <State>
                <id>EmbeddedPerformanceJava</id>
              </State>
              <State>
                <id>EncapsulationJava</id>
              </State>
              <State>
                <id>Error handlingGroovy</id>
              </State>
              <State>
                <id>Error handlingJava</id>
              </State>
              <State>
                <id>Flow type checkerJavaScript and TypeScript</id>
              </State>
              <State>
                <id>Function metricsJavaScript and TypeScript</id>
              </State>
              <State>
                <id>GPathGroovy</id>
              </State>
              <State>
                <id>General</id>
              </State>
              <State>
                <id>GeneralJava</id>
              </State>
              <State>
                <id>GeneralJavaScript and TypeScript</id>
              </State>
              <State>
                <id>Gradle</id>
              </State>
              <State>
                <id>GradleMigrationKotlin</id>
              </State>
              <State>
                <id>Groovy</id>
              </State>
              <State>
                <id>Guice</id>
              </State>
              <State>
                <id>HTML</id>
              </State>
              <State>
                <id>HTTP Client</id>
              </State>
              <State>
                <id>Handlebars/Mustache</id>
              </State>
              <State>
                <id>Hibernate</id>
              </State>
              <State>
                <id>Imports and dependenciesJavaScript and TypeScript</id>
              </State>
              <State>
                <id>ImportsJava</id>
              </State>
              <State>
                <id>Inheritance issuesJava</id>
              </State>
              <State>
                <id>InitializationJava</id>
              </State>
              <State>
                <id>InternationalizationJava</id>
              </State>
              <State>
                <id>Invalid elementsCSS</id>
              </State>
              <State>
                <id>JPA</id>
              </State>
              <State>
                <id>JSON and JSON5</id>
              </State>
              <State>
                <id>JSP</id>
              </State>
              <State>
                <id>JUnitJava</id>
              </State>
              <State>
                <id>JVM languages</id>
              </State>
              <State>
                <id>Java</id>
              </State>
              <State>
                <id>Java 10Java language level migration aidsJava</id>
              </State>
              <State>
                <id>Java 11Java language level migration aidsJava</id>
              </State>
              <State>
                <id>Java 14Java language level migration aidsJava</id>
              </State>
              <State>
                <id>Java 15Java language level migration aidsJava</id>
              </State>
              <State>
                <id>Java 5Java language level migration aidsJava</id>
              </State>
              <State>
                <id>Java 7Java language level migration aidsJava</id>
              </State>
              <State>
                <id>Java 8Java language level migration aidsJava</id>
              </State>
              <State>
                <id>Java 9Java language level migration aidsJava</id>
              </State>
              <State>
                <id>Java EE</id>
              </State>
              <State>
                <id>Java interop issuesKotlin</id>
              </State>
              <State>
                <id>Java language level issuesJava</id>
              </State>
              <State>
                <id>Java language level migration aidsJava</id>
              </State>
              <State>
                <id>JavaFX</id>
              </State>
              <State>
                <id>JavaScript and TypeScript</id>
              </State>
              <State>
                <id>JavadocJava</id>
              </State>
              <State>
                <id>Kotlin</id>
              </State>
              <State>
                <id>Language injection</id>
              </State>
              <State>
                <id>Less</id>
              </State>
              <State>
                <id>LoggingJava</id>
              </State>
              <State>
                <id>Manifest</id>
              </State>
              <State>
                <id>Markdown</id>
              </State>
              <State>
                <id>Maven</id>
              </State>
              <State>
                <id>MavenMigrationKotlin</id>
              </State>
              <State>
                <id>MemoryJava</id>
              </State>
              <State>
                <id>Method metricsGroovy</id>
              </State>
              <State>
                <id>Method metricsJava</id>
              </State>
              <State>
                <id>Micronaut</id>
              </State>
              <State>
                <id>MigrationKotlin</id>
              </State>
              <State>
                <id>Modularization issuesJava</id>
              </State>
              <State>
                <id>MongoJS</id>
              </State>
              <State>
                <id>Naming conventionsGroovy</id>
              </State>
              <State>
                <id>Naming conventionsJava</id>
              </State>
              <State>
                <id>Naming conventionsJavaScript and TypeScript</id>
              </State>
              <State>
                <id>Naming conventionsKotlin</id>
              </State>
              <State>
                <id>Nullability problemsProbable bugsJava</id>
              </State>
              <State>
                <id>Numeric issuesJava</id>
              </State>
              <State>
                <id>Other problemsKotlin</id>
              </State>
              <State>
                <id>OtherGroovy</id>
              </State>
              <State>
                <id>Packaging issuesJava</id>
              </State>
              <State>
                <id>Pattern validation</id>
              </State>
              <State>
                <id>PerformanceJava</id>
              </State>
              <State>
                <id>Plugin DevKit</id>
              </State>
              <State>
                <id>PortabilityJava</id>
              </State>
              <State>
                <id>Potentially confusing code constructsGroovy</id>
              </State>
              <State>
                <id>Potentially confusing code constructsJavaScript and TypeScript</id>
              </State>
              <State>
                <id>Potentially undesirable code constructsJavaScript and TypeScript</id>
              </State>
              <State>
                <id>Probable bugsCSS</id>
              </State>
              <State>
                <id>Probable bugsGradle</id>
              </State>
              <State>
                <id>Probable bugsGroovy</id>
              </State>
              <State>
                <id>Probable bugsJava</id>
              </State>
              <State>
                <id>Probable bugsJavaScript and TypeScript</id>
              </State>
              <State>
                <id>Probable bugsKotlin</id>
              </State>
              <State>
                <id>Proofreading</id>
              </State>
              <State>
                <id>Properties files</id>
              </State>
              <State>
                <id>Reactive Streams</id>
              </State>
              <State>
                <id>ReactorReactive Streams</id>
              </State>
              <State>
                <id>Redundant constructsKotlin</id>
              </State>
              <State>
                <id>Reflective accessJava</id>
              </State>
              <State>
                <id>RegExp</id>
              </State>
              <State>
                <id>Resource managementJava</id>
              </State>
              <State>
                <id>SQL</id>
              </State>
              <State>
                <id>SecurityJava</id>
              </State>
              <State>
                <id>Serialization issuesJava</id>
              </State>
              <State>
                <id>SetupSpring CoreSpring</id>
              </State>
              <State>
                <id>Spring</id>
              </State>
              <State>
                <id>Spring AOPSpring</id>
              </State>
              <State>
                <id>Spring BatchSpring</id>
              </State>
              <State>
                <id>Spring BootSpring</id>
              </State>
              <State>
                <id>Spring CoreSpring</id>
              </State>
              <State>
                <id>Spring MVCSpring</id>
              </State>
              <State>
                <id>Spring SecuritySpring</id>
              </State>
              <State>
                <id>Spring WebSocketSpring</id>
              </State>
              <State>
                <id>Style issuesKotlin</id>
              </State>
              <State>
                <id>StyleGroovy</id>
              </State>
              <State>
                <id>Switch statement issuesJavaScript and TypeScript</id>
              </State>
              <State>
                <id>Test frameworksJava</id>
              </State>
              <State>
                <id>TestNGJava</id>
              </State>
              <State>
                <id>Threading issuesGroovy</id>
              </State>
              <State>
                <id>Threading issuesJava</id>
              </State>
              <State>
                <id>Thymeleaf</id>
              </State>
              <State>
                <id>Try statement issuesJavaScript and TypeScript</id>
              </State>
              <State>
                <id>TypeScriptJavaScript and TypeScript</id>
              </State>
              <State>
                <id>Unused symbolsJavaScript and TypeScript</id>
              </State>
              <State>
                <id>Validity issuesGroovy</id>
              </State>
              <State>
                <id>Validity issuesJavaScript and TypeScript</id>
              </State>
              <State>
                <id>Verbose or redundant code constructsJava</id>
              </State>
              <State>
                <id>VisibilityJava</id>
              </State>
              <State>
                <id>Web services</id>
              </State>
              <State>
                <id>XML</id>
              </State>
              <State>
                <id>XMLSpring CoreSpring</id>
              </State>
              <State>
                <id>YAML</id>
              </State>
              <State>
                <id>Yaml configsEduTools</id>
              </State>
              <State>
                <id>toString() issuesJava</id>
              </State>
            </expanded-state>
            <selected-state>
              <State>
                <id>KeySetIterationMayUseEntrySet</id>
              </State>
            </selected-state>
          </profile-state>
        </entry>
      </component>
      <component name="ProjectRootManager" version="2" languageLevel="JDK_1_6" />
      <component name="PropertiesComponent">
        <property name="ExpandSpringBootJavaOptionsPanel" value="true" />
        <property name="GoToClass.includeLibraries" value="false" />
        <property name="GoToClass.toSaveIncludeLibraries" value="false" />
        <property name="GoToFile.includeJavaFiles" value="false" />
        <property name="MemberChooser.copyJavadoc" value="false" />
        <property name="MemberChooser.showClasses" value="true" />
        <property name="MemberChooser.sorted" value="false" />
        <property name="js.buildTools.grunt.grunt-cli.package" value="" />
        <property name="js.buildTools.gulp.gulp_package_dir" value="" />
        <property name="last_opened_file_path" value="$USER_HOME$/Development" />
        <property name="nodejs.jest.jest_package" value="" />
        <property name="nodejs.protractor.protractor_package" value="" />
        <property name="nodejs_interpreter_path.stuck_in_default_project" value="/usr/local/bin/node" />
        <property name="nodejs_npm_path_reset_for_default_project" value="true" />
        <property name="project.structure.last.edited" value="Problems" />
        <property name="project.structure.proportion" value="0.0" />
        <property name="project.structure.side.proportion" value="0.2" />
        <property name="settings.editor.selected.configurable" value="Errors" />
      </component>
      <component name="RunDashboard">
        <option name="ruleStates">
          <list>
            <RuleState>
              <option name="name" value="ConfigurationTypeDashboardGroupingRule" />
            </RuleState>
            <RuleState>
              <option name="name" value="StatusDashboardGroupingRule" />
            </RuleState>
          </list>
        </option>
      </component>
      <component name="RunManager">
        <configuration name="&lt;template&gt;" type="WebApp" default="true" selected="false">
          <Host>localhost</Host>
          <Port>5050</Port>
        </configuration>
        <configuration name="&lt;template&gt;" type="#org.jetbrains.idea.devkit.run.PluginConfigurationType" default="true" selected="false">
          <option name="VM_PARAMETERS" value="-Xmx512m -Xms256m -XX:MaxPermSize=250m -ea" />
        </configuration>
        <configuration default="true" type="Applet" factoryName="Applet">
          <option name="VM_PARAMETERS" value="-ea" />
          <method v="2">
            <option name="Make" enabled="true" />
          </method>
        </configuration>
        <configuration default="true" type="Application" factoryName="Application">
          <option name="VM_PARAMETERS" value="-ea" />
          <option name="WORKING_DIRECTORY" value="$PROJECT_DIR$" />
          <method v="2">
            <option name="Make" enabled="true" />
          </method>
        </configuration>
        <configuration default="true" type="GradleRunConfiguration" factoryName="Gradle">
          <ExternalSystemSettings>
            <option name="executionName" />
            <option name="externalProjectPath" value="" />
            <option name="externalSystemIdString" value="GRADLE" />
            <option name="scriptParameters" value="" />
            <option name="taskDescriptions">
              <list />
            </option>
            <option name="taskNames">
              <list />
            </option>
            <option name="vmOptions" value="-ea" />
          </ExternalSystemSettings>
          <method v="2" />
        </configuration>
        <configuration default="true" type="GriffonRunConfigurationType" factoryName="Griffon">
          <setting name="vmparams" value="-ea" />
          <setting name="cmdLine" value="run-app" />
          <setting name="depsClasspath" value="true" />
          <setting name="passParentEnv" value="true" />
          <method v="2" />
        </configuration>
        <configuration default="true" type="GroovyScriptRunConfiguration" factoryName="Groovy">
          <setting name="path" value="" />
          <setting name="vmparams" value="-ea" />
          <setting name="params" value="" />
          <setting name="workDir" value="" />
          <setting name="debug" value="false" />
          <method v="2">
            <option name="Make" enabled="true" />
          </method>
        </configuration>
        <configuration default="true" type="JUnit" factoryName="JUnit">
          <option name="WORKING_DIRECTORY" value="$PROJECT_DIR$" />
          <option name="TEST_SEARCH_SCOPE">
            <value defaultName="moduleWithDependencies" />
          </option>
          <method v="2">
            <option name="Make" enabled="true" />
          </method>
        </configuration>
        <configuration default="true" type="JarApplication" factoryName="JAR Application">
          <option name="VM_PARAMETERS" value="-ea" />
          <option name="ALTERNATIVE_JRE_PATH" />
          <method v="2" />
        </configuration>
        <configuration default="true" type="Java Scratch" factoryName="Java Scratch">
          <option name="VM_PARAMETERS" value="-ea" />
          <method v="2">
            <option name="Make" enabled="true" />
          </method>
        </configuration>
        <configuration default="true" type="JetRunConfigurationType" factoryName="Kotlin">
          <option name="VM_PARAMETERS" value="-ea" />
          <option name="PROGRAM_PARAMETERS" value="" />
          <option name="ALTERNATIVE_JRE_PATH_ENABLED" value="false" />
          <option name="ALTERNATIVE_JRE_PATH" />
          <option name="PASS_PARENT_ENVS" value="true" />
          <option name="MAIN_CLASS_NAME" value="" />
          <option name="WORKING_DIRECTORY" value="" />
          <module name="" />
          <method v="2">
            <option name="Make" enabled="true" />
          </method>
        </configuration>
        <configuration default="true" type="KotlinStandaloneScriptRunConfigurationType" factoryName="Kotlin script">
          <option name="filePath" value="" />
          <option name="vmParameters" value="-ea" />
          <option name="alternativeJrePath" />
          <option name="programParameters" value="" />
          <option name="passParentEnvs" value="true" />
          <option name="workingDirectory" value="" />
          <option name="isAlternativeJrePathEnabled" value="false" />
          <option name="VM_PARAMETERS" />
          <option name="PROGRAM_PARAMETERS" />
          <option name="ALTERNATIVE_JRE_PATH_ENABLED" value="false" />
          <option name="ALTERNATIVE_JRE_PATH" />
          <option name="PASS_PARENT_ENVS" value="true" />
          <option name="MAIN_CLASS_NAME" />
          <option name="WORKING_DIRECTORY" />
          <module name="" />
          <option name="filePath" value="" />
          <option name="vmParameters" value="-ea" />
          <option name="alternativeJrePath" />
          <option name="programParameters" value="" />
          <option name="passParentEnvs" value="true" />
          <option name="workingDirectory" value="" />
          <option name="isAlternativeJrePathEnabled" value="false" />
          <option name="VM_PARAMETERS" />
          <option name="PROGRAM_PARAMETERS" />
          <option name="ALTERNATIVE_JRE_PATH_ENABLED" value="false" />
          <option name="ALTERNATIVE_JRE_PATH" />
          <option name="PASS_PARENT_ENVS" value="true" />
          <option name="MAIN_CLASS_NAME" />
          <option name="WORKING_DIRECTORY" />
          <method v="2">
            <option name="Make" enabled="true" />
          </method>
        </configuration>
        <configuration default="true" type="SpringBootApplicationConfigurationType" factoryName="Spring Boot">
          <option name="VM_PARAMETERS" value="-ea" />
          <option name="ALTERNATIVE_JRE_PATH" />
          <method v="2">
            <option name="Make" enabled="true" />
          </method>
        </configuration>
        <configuration default="true" type="TestNG" factoryName="TestNG">
          <option name="WORKING_DIRECTORY" value="$PROJECT_DIR$" />
          <option name="TEST_SEARCH_SCOPE">
            <value defaultName="moduleWithDependencies" />
          </option>
          <properties />
          <listeners />
          <method v="2">
            <option name="Make" enabled="true" />
          </method>
        </configuration>
        <configuration default="true" type="TomeeConfiguration" factoryName="Local" ALTERNATIVE_JRE_ENABLED="false">
          <option name="COMMON_VM_ARGUMENTS" value="-ea" />
          <option name="UPDATING_POLICY" value="restart-server" />
          <deployment />
          <server-settings>
            <option name="BASE_DIRECTORY_NAME" value="_Default_(Template)_Project_2" />
          </server-settings>
          <predefined_log_file id="Tomcat" enabled="true" />
          <predefined_log_file id="Tomcat Catalina" enabled="true" />
          <predefined_log_file id="Tomcat Manager" enabled="false" />
          <predefined_log_file id="Tomcat Host Manager" enabled="false" />
          <predefined_log_file id="Tomcat Localhost Access" enabled="false" />
          <RunnerSettings RunnerId="Debug">
            <option name="DEBUG_PORT" value="58832" />
          </RunnerSettings>
          <RunnerSettings RunnerId="Debug with VisualVM">
            <option name="DEBUG_PORT" value="58833" />
            <option name="visualVMId" value="53783762995587" />
          </RunnerSettings>
          <ConfigurationWrapper VM_VAR="JAVA_OPTS" RunnerId="Cover">
            <option name="USE_ENV_VARIABLES" value="true" />
            <STARTUP>
              <option name="USE_DEFAULT" value="true" />
              <option name="SCRIPT" value="" />
              <option name="VM_PARAMETERS" value="" />
              <option name="PROGRAM_PARAMETERS" value="" />
            </STARTUP>
            <SHUTDOWN>
              <option name="USE_DEFAULT" value="true" />
              <option name="SCRIPT" value="" />
              <option name="VM_PARAMETERS" value="" />
              <option name="PROGRAM_PARAMETERS" value="" />
            </SHUTDOWN>
          </ConfigurationWrapper>
          <ConfigurationWrapper VM_VAR="JAVA_OPTS" RunnerId="Debug">
            <option name="USE_ENV_VARIABLES" value="true" />
            <STARTUP>
              <option name="USE_DEFAULT" value="true" />
              <option name="SCRIPT" value="" />
              <option name="VM_PARAMETERS" value="" />
              <option name="PROGRAM_PARAMETERS" value="" />
            </STARTUP>
            <SHUTDOWN>
              <option name="USE_DEFAULT" value="true" />
              <option name="SCRIPT" value="" />
              <option name="VM_PARAMETERS" value="" />
              <option name="PROGRAM_PARAMETERS" value="" />
            </SHUTDOWN>
          </ConfigurationWrapper>
          <ConfigurationWrapper VM_VAR="JAVA_OPTS" RunnerId="Debug with VisualVM">
            <option name="USE_ENV_VARIABLES" value="true" />
            <STARTUP>
              <option name="USE_DEFAULT" value="true" />
              <option name="SCRIPT" value="" />
              <option name="VM_PARAMETERS" value="" />
              <option name="PROGRAM_PARAMETERS" value="" />
            </STARTUP>
            <SHUTDOWN>
              <option name="USE_DEFAULT" value="true" />
              <option name="SCRIPT" value="" />
              <option name="VM_PARAMETERS" value="" />
              <option name="PROGRAM_PARAMETERS" value="" />
            </SHUTDOWN>
          </ConfigurationWrapper>
          <ConfigurationWrapper VM_VAR="JAVA_OPTS" RunnerId="Run">
            <option name="USE_ENV_VARIABLES" value="true" />
            <STARTUP>
              <option name="USE_DEFAULT" value="true" />
              <option name="SCRIPT" value="" />
              <option name="VM_PARAMETERS" value="" />
              <option name="PROGRAM_PARAMETERS" value="" />
            </STARTUP>
            <SHUTDOWN>
              <option name="USE_DEFAULT" value="true" />
              <option name="SCRIPT" value="" />
              <option name="VM_PARAMETERS" value="" />
              <option name="PROGRAM_PARAMETERS" value="" />
            </SHUTDOWN>
          </ConfigurationWrapper>
          <ConfigurationWrapper VM_VAR="JAVA_OPTS" RunnerId="Run with VisualVM">
            <option name="USE_ENV_VARIABLES" value="true" />
            <STARTUP>
              <option name="USE_DEFAULT" value="true" />
              <option name="SCRIPT" value="" />
              <option name="VM_PARAMETERS" value="" />
              <option name="PROGRAM_PARAMETERS" value="" />
            </STARTUP>
            <SHUTDOWN>
              <option name="USE_DEFAULT" value="true" />
              <option name="SCRIPT" value="" />
              <option name="VM_PARAMETERS" value="" />
              <option name="PROGRAM_PARAMETERS" value="" />
            </SHUTDOWN>
          </ConfigurationWrapper>
          <method v="2">
            <option name="Make" enabled="true" />
          </method>
        </configuration>
        <configuration default="true" type="TomeeConfiguration" factoryName="Remote" ALTERNATIVE_JRE_ENABLED="false">
          <option name="LOCAL" value="false" />
          <deployment />
          <server-settings>
            <data>
              <option name="targets">
                <list>
                  <WatchedTargetModelImpl>
                    <option name="name" value="CONTEXT_XML" />
                    <name>CONTEXT_XML</name>
                  </WatchedTargetModelImpl>
                  <StagingTargetModelImpl>
                    <option name="name" value="STAGING" />
                    <name>STAGING</name>
                  </StagingTargetModelImpl>
                </list>
              </option>
              <option name="transportHostId" />
              <host-id />
            </data>
          </server-settings>
          <predefined_log_file id="Tomcat" enabled="true" />
          <predefined_log_file id="TOMCAT_LOCALHOST_LOG_ID" enabled="true" />
          <RunnerSettings RunnerId="Debug">
            <option name="DEBUG_PORT" value="58834" />
            <option name="LOCAL" value="false" />
          </RunnerSettings>
          <RunnerSettings RunnerId="Debug with VisualVM">
            <option name="DEBUG_PORT" value="58835" />
            <option name="visualVMId" value="53784758516683" />
            <option name="LOCAL" value="false" />
          </RunnerSettings>
          <method v="2">
            <option name="Make" enabled="true" />
          </method>
        </configuration>
        <configuration default="true" type="#com.intellij.j2ee.web.tomcat.TomcatRunConfigurationFactory" factoryName="Local" ALTERNATIVE_JRE_ENABLED="false">
          <option name="COMMON_VM_ARGUMENTS" value="-ea" />
          <option name="UPDATING_POLICY" value="restart-server" />
          <deployment />
          <server-settings>
            <option name="BASE_DIRECTORY_NAME" value="_Default_(Template)_Project" />
          </server-settings>
          <predefined_log_file id="Tomcat" enabled="true" />
          <predefined_log_file id="Tomcat Catalina" enabled="true" />
          <predefined_log_file id="Tomcat Manager" enabled="false" />
          <predefined_log_file id="Tomcat Host Manager" enabled="false" />
          <predefined_log_file id="Tomcat Localhost Access" enabled="false" />
          <RunnerSettings RunnerId="Debug">
            <option name="DEBUG_PORT" value="58827" />
          </RunnerSettings>
          <RunnerSettings RunnerId="Debug with VisualVM">
            <option name="DEBUG_PORT" value="58828" />
            <option name="visualVMId" value="53778864281676" />
          </RunnerSettings>
          <ConfigurationWrapper VM_VAR="JAVA_OPTS" RunnerId="Cover">
            <option name="USE_ENV_VARIABLES" value="true" />
            <STARTUP>
              <option name="USE_DEFAULT" value="true" />
              <option name="SCRIPT" value="" />
              <option name="VM_PARAMETERS" value="" />
              <option name="PROGRAM_PARAMETERS" value="" />
            </STARTUP>
            <SHUTDOWN>
              <option name="USE_DEFAULT" value="true" />
              <option name="SCRIPT" value="" />
              <option name="VM_PARAMETERS" value="" />
              <option name="PROGRAM_PARAMETERS" value="" />
            </SHUTDOWN>
          </ConfigurationWrapper>
          <ConfigurationWrapper VM_VAR="JAVA_OPTS" RunnerId="Debug">
            <option name="USE_ENV_VARIABLES" value="true" />
            <STARTUP>
              <option name="USE_DEFAULT" value="true" />
              <option name="SCRIPT" value="" />
              <option name="VM_PARAMETERS" value="" />
              <option name="PROGRAM_PARAMETERS" value="" />
            </STARTUP>
            <SHUTDOWN>
              <option name="USE_DEFAULT" value="true" />
              <option name="SCRIPT" value="" />
              <option name="VM_PARAMETERS" value="" />
              <option name="PROGRAM_PARAMETERS" value="" />
            </SHUTDOWN>
          </ConfigurationWrapper>
          <ConfigurationWrapper VM_VAR="JAVA_OPTS" RunnerId="Debug with VisualVM">
            <option name="USE_ENV_VARIABLES" value="true" />
            <STARTUP>
              <option name="USE_DEFAULT" value="true" />
              <option name="SCRIPT" value="" />
              <option name="VM_PARAMETERS" value="" />
              <option name="PROGRAM_PARAMETERS" value="" />
            </STARTUP>
            <SHUTDOWN>
              <option name="USE_DEFAULT" value="true" />
              <option name="SCRIPT" value="" />
              <option name="VM_PARAMETERS" value="" />
              <option name="PROGRAM_PARAMETERS" value="" />
            </SHUTDOWN>
          </ConfigurationWrapper>
          <ConfigurationWrapper VM_VAR="JAVA_OPTS" RunnerId="Run">
            <option name="USE_ENV_VARIABLES" value="true" />
            <STARTUP>
              <option name="USE_DEFAULT" value="true" />
              <option name="SCRIPT" value="" />
              <option name="VM_PARAMETERS" value="" />
              <option name="PROGRAM_PARAMETERS" value="" />
            </STARTUP>
            <SHUTDOWN>
              <option name="USE_DEFAULT" value="true" />
              <option name="SCRIPT" value="" />
              <option name="VM_PARAMETERS" value="" />
              <option name="PROGRAM_PARAMETERS" value="" />
            </SHUTDOWN>
          </ConfigurationWrapper>
          <ConfigurationWrapper VM_VAR="JAVA_OPTS" RunnerId="Run with VisualVM">
            <option name="USE_ENV_VARIABLES" value="true" />
            <STARTUP>
              <option name="USE_DEFAULT" value="true" />
              <option name="SCRIPT" value="" />
              <option name="VM_PARAMETERS" value="" />
              <option name="PROGRAM_PARAMETERS" value="" />
            </STARTUP>
            <SHUTDOWN>
              <option name="USE_DEFAULT" value="true" />
              <option name="SCRIPT" value="" />
              <option name="VM_PARAMETERS" value="" />
              <option name="PROGRAM_PARAMETERS" value="" />
            </SHUTDOWN>
          </ConfigurationWrapper>
          <method v="2">
            <option name="Make" enabled="true" />
          </method>
        </configuration>
        <configuration default="true" type="#com.intellij.j2ee.web.tomcat.TomcatRunConfigurationFactory" factoryName="Remote" ALTERNATIVE_JRE_ENABLED="false">
          <option name="LOCAL" value="false" />
          <deployment />
          <server-settings>
            <data>
              <option name="targets">
                <list>
                  <WatchedTargetModelImpl>
                    <option name="name" value="CONTEXT_XML" />
                    <name>CONTEXT_XML</name>
                  </WatchedTargetModelImpl>
                  <StagingTargetModelImpl>
                    <option name="name" value="STAGING" />
                    <name>STAGING</name>
                  </StagingTargetModelImpl>
                </list>
              </option>
              <option name="transportHostId" />
              <host-id />
            </data>
          </server-settings>
          <predefined_log_file id="Tomcat" enabled="true" />
          <predefined_log_file id="TOMCAT_LOCALHOST_LOG_ID" enabled="true" />
          <RunnerSettings RunnerId="Debug">
            <option name="DEBUG_PORT" value="58830" />
            <option name="LOCAL" value="false" />
          </RunnerSettings>
          <RunnerSettings RunnerId="Debug with VisualVM">
            <option name="DEBUG_PORT" value="58831" />
            <option name="visualVMId" value="53781483311496" />
            <option name="LOCAL" value="false" />
          </RunnerSettings>
          <method v="2">
            <option name="Make" enabled="true" />
          </method>
        </configuration>
        <configuration default="true" type="js.build_tools.grunt" factoryName="Grunt.js">
          <node-interpreter value="project" />
          <envs />
          <method v="2" />
        </configuration>
        <configuration default="true" type="js.build_tools.gulp" factoryName="Gulp.js">
          <node-interpreter>project</node-interpreter>
          <node-options />
          <gulpfile />
          <tasks />
          <arguments />
          <envs />
          <method v="2" />
        </configuration>
      </component>
      <component name="SvnConfiguration">
        <configuration>$USER_HOME$/.subversion</configuration>
      </component>
      <component name="VcsContentAnnotationSettings">
        <option name="myLimit" value="2678400000" />
      </component>
      <component name="masterDetails">
        <states>
          <state key="GlobalLibrariesConfigurable.UI">
            <settings>
              <last-edited>annotations</last-edited>
              <splitter-proportions>
                <option name="proportions">
                  <list>
                    <option value="0.2" />
                  </list>
                </option>
              </splitter-proportions>
            </settings>
          </state>
          <state key="JdkListConfigurable.UI">
            <settings>
              <last-edited>1.4</last-edited>
              <splitter-proportions>
                <option name="proportions">
                  <list>
                    <option value="0.2" />
                  </list>
                </option>
              </splitter-proportions>
            </settings>
          </state>
          <state key="ProjectJDKs.UI">
            <settings>
              <last-edited>1.7</last-edited>
              <splitter-proportions>
                <option name="proportions">
                  <list>
                    <option value="0.5" />
                  </list>
                </option>
              </splitter-proportions>
            </settings>
          </state>
          <state key="ProjectLibrariesConfigurable.UI">
            <settings>
              <splitter-proportions>
                <option name="proportions">
                  <list>
                    <option value="0.2" />
                  </list>
                </option>
              </splitter-proportions>
            </settings>
          </state>
          <state key="ScopeChooserConfigurable.UI">
            <settings>
              <splitter-proportions>
                <option name="proportions">
                  <list>
                    <option value="0.2" />
                  </list>
                </option>
              </splitter-proportions>
            </settings>
          </state>
        </states>
      </component>
    </defaultProject>
  </component>
</application>