<application>
  <component name="UpdatesConfigurable">
    <ignoredBuildNumbers>
      <item value="117.117" />
      <item value="132.425" />
      <item value="129.1359" />
      <item value="143.1820" />
      <item value="144.4199" />
      <item value="145.597" />
      <item value="162.917" />
      <item value="162.1121" />
      <item value="145.2070" />
      <item value="163.6512.17" />
      <item value="163.7743.17" />
      <item value="163.9166.29" />
      <item value="171.3780.107" />
      <item value="183.2940.10" />
      <item value="183.3795.13" />
      <item value="193.3793.14" />
      <item value="193.4778.7" />
    </ignoredBuildNumbers>
    <option name="LAST_BUILD_CHECKED" value="IU-211.7142.45" />
    <option name="LAST_TIME_CHECKED" value="1621379152675" />
    <option name="THIRD_PARTY_PLUGINS_ALLOWED" value="true" />
  </component>
</application>