<keymap version="1" name="Mac OS X Modified" parent="Mac OS X">
  <action id="CommentByBlockComment">
    <keyboard-shortcut first-keystroke="shift ctrl slash" />
    <keyboard-shortcut first-keystroke="shift ctrl divide" />
    <keyboard-shortcut first-keystroke="shift meta divide" />
  </action>
  <action id="EditorSelectWord">
    <keyboard-shortcut first-keystroke="meta l" />
  </action>
  <action id="EditorTextEnd" />
  <action id="EditorTextEndWithSelection" />
  <action id="EditorUnSelectWord">
    <keyboard-shortcut first-keystroke="shift meta l" />
  </action>
  <action id="GotoNextBookmark">
    <keyboard-shortcut first-keystroke="alt down" />
  </action>
  <action id="GotoPreviousBookmark">
    <keyboard-shortcut first-keystroke="alt up" />
  </action>
  <action id="Macro.@code">
    <keyboard-shortcut first-keystroke="ctrl c" />
  </action>
  <action id="Macro.Concatenate Comment">
    <keyboard-shortcut first-keystroke="shift meta end" />
  </action>
  <action id="Macro.Concatenate Line">
    <keyboard-shortcut first-keystroke="meta end" />
  </action>
  <action id="Macro.Dump Stack">
    <keyboard-shortcut first-keystroke="meta back_slash" />
  </action>
  <action id="Macro.Non-NLS">
    <keyboard-shortcut first-keystroke="ctrl f12" />
    <keyboard-shortcut first-keystroke="ctrl back_slash" />
  </action>
  <action id="SwitchApply">
    <keyboard-shortcut first-keystroke="ctrl alt enter" />
  </action>
  <action id="SwitchDown">
    <keyboard-shortcut first-keystroke="ctrl alt down" />
  </action>
  <action id="SwitchLeft">
    <keyboard-shortcut first-keystroke="ctrl alt left" />
  </action>
  <action id="SwitchRight">
    <keyboard-shortcut first-keystroke="ctrl alt right" />
  </action>
  <action id="SwitchUp">
    <keyboard-shortcut first-keystroke="ctrl alt up" />
  </action>
</keymap>