<inspections profile_name="Default" version="1.0">
  <option name="myName" value="Default" />
  <option name="myLocal" value="true" />
  <inspection_tool class="ArchaicSystemPropertyAccess" enabled="true" level="WARNING" enabled_by_default="true" />
  <inspection_tool class="AssignmentToCatchBlockParameter" enabled="true" level="WARNING" enabled_by_default="true" />
  <inspection_tool class="AssignmentToForLoopParameter" enabled="true" level="WARNING" enabled_by_default="true">
    <option name="m_checkForeachParameters" value="false" />
  </inspection_tool>
  <inspection_tool class="AssignmentToStaticFieldFromInstanceMethod" enabled="true" level="WARNING" enabled_by_default="true" />
  <inspection_tool class="AssignmentUsedAsCondition" enabled="true" level="WARNING" enabled_by_default="true" />
  <inspection_tool class="CStyleArrayDeclaration" enabled="true" level="WARNING" enabled_by_default="true" />
  <inspection_tool class="CastConflictsWithInstanceof" enabled="true" level="WARNING" enabled_by_default="true" />
  <inspection_tool class="CatchGenericClass" enabled="true" level="WARNING" enabled_by_default="true" />
  <inspection_tool class="ChainedEquality" enabled="true" level="WARNING" enabled_by_default="true" />
  <inspection_tool class="ClassEscapesItsScope" enabled="true" level="WARNING" enabled_by_default="true" />
  <inspection_tool class="ClassNameDiffersFromFileName" enabled="true" level="WARNING" enabled_by_default="true" />
  <inspection_tool class="ConstantConditions" enabled="true" level="WARNING" enabled_by_default="true">
    <option name="SUGGEST_NULLABLE_ANNOTATIONS" value="true" />
    <option name="DONT_REPORT_TRUE_ASSERT_STATEMENTS" value="false" />
  </inspection_tool>
  <inspection_tool class="CovariantCompareTo" enabled="true" level="WARNING" enabled_by_default="true" />
  <inspection_tool class="CovariantEquals" enabled="true" level="WARNING" enabled_by_default="true" />
  <inspection_tool class="CssNoGenericFontName" enabled="false" level="WARNING" enabled_by_default="false" />
  <inspection_tool class="CssOverwrittenProperties" enabled="false" level="WARNING" enabled_by_default="false" />
  <inspection_tool class="DateToString" enabled="true" level="WARNING" enabled_by_default="true" />
  <inspection_tool class="EmptyCatchBlock" enabled="false" level="WARNING" enabled_by_default="false">
    <option name="m_includeComments" value="true" />
    <option name="m_ignoreTestCases" value="true" />
    <option name="m_ignoreIgnoreParameter" value="true" />
  </inspection_tool>
  <inspection_tool class="EmptyInitializer" enabled="true" level="WARNING" enabled_by_default="true" />
  <inspection_tool class="EmptySynchronizedStatement" enabled="true" level="WARNING" enabled_by_default="true" />
  <inspection_tool class="ExtendsObject" enabled="false" level="WARNING" enabled_by_default="false" />
  <inspection_tool class="ExtendsThread" enabled="true" level="WARNING" enabled_by_default="true" />
  <inspection_tool class="FieldAccessedSynchronizedAndUnsynchronized" enabled="true" level="WARNING" enabled_by_default="true">
    <option name="countGettersAndSetters" value="false" />
  </inspection_tool>
  <inspection_tool class="FieldHidesSuperclassField" enabled="true" level="WARNING" enabled_by_default="true">
    <option name="m_ignoreInvisibleFields" value="true" />
  </inspection_tool>
  <inspection_tool class="FinalizeCallsSuperFinalize" enabled="false" level="WARNING" enabled_by_default="false">
    <option name="ignoreObjectSubclasses" value="false" />
    <option name="ignoreTrivialFinalizers" value="true" />
  </inspection_tool>
  <inspection_tool class="ForLoopThatDoesntUseLoopVariable" enabled="true" level="WARNING" enabled_by_default="true" />
  <inspection_tool class="HTML" level="WARNING" enabled="true">
    <option name="myAdditionalHtmlTags" value="embed,nobr,noembed,comment,script" />
    <option name="myAdditionalHtmlAttributes" value="type,wmode,src,width,height,language,name" />
    <option name="myCheckHtmlTags" value="true" />
    <option name="myCheckHtmlAttributes" value="true" />
  </inspection_tool>
  <inspection_tool class="HardCodedStringLiteral" enabled="true" level="WARNING" enabled_by_default="true">
    <option name="ignoreForAssertStatements" value="true" />
    <option name="ignoreForExceptionConstructors" value="true" />
    <option name="ignoreForSpecifiedExceptionConstructors" value="" />
    <option name="ignoreForJUnitAsserts" value="true" />
    <option name="ignoreForClassReferences" value="true" />
    <option name="ignoreForPropertyKeyReferences" value="true" />
    <option name="ignoreForNonAlpha" value="true" />
    <option name="ignoreAssignedToConstants" value="true" />
    <option name="ignoreToString" value="false" />
    <option name="nonNlsCommentPattern" value="NON-NLS" />
  </inspection_tool>
  <inspection_tool class="HardcodedFileSeparators" enabled="true" level="WARNING" enabled_by_default="true">
    <option name="m_recognizeExampleMediaType" value="false" />
  </inspection_tool>
  <inspection_tool class="HardcodedLineSeparators" enabled="true" level="WARNING" enabled_by_default="true" />
  <inspection_tool class="HtmlUnknownAttribute" enabled="true" level="WARNING" enabled_by_default="true">
    <option name="myValues">
      <value>
        <list size="6">
          <item index="0" class="java.lang.String" itemvalue="type" />
          <item index="1" class="java.lang.String" itemvalue="wmode" />
          <item index="2" class="java.lang.String" itemvalue="src" />
          <item index="3" class="java.lang.String" itemvalue="width" />
          <item index="4" class="java.lang.String" itemvalue="height" />
          <item index="5" class="java.lang.String" itemvalue="name" />
        </list>
      </value>
    </option>
    <option name="myCustomValuesEnabled" value="true" />
  </inspection_tool>
  <inspection_tool class="IOResource" enabled="true" level="WARNING" enabled_by_default="true">
    <option name="ignoredTypesString" value="java.io.ByteArrayOutputStream,java.io.ByteArrayInputStream,java.io.StringBufferInputStream,java.io.CharArrayWriter,java.io.CharArrayReader,java.io.StringWriter,java.io.StringReader" />
    <option name="insideTryAllowed" value="false" />
  </inspection_tool>
  <inspection_tool class="InnerClassVariableHidesOuterClassVariable" enabled="true" level="WARNING" enabled_by_default="true">
    <option name="m_ignoreInvisibleFields" value="true" />
  </inspection_tool>
  <inspection_tool class="InstantiationOfUtilityClass" enabled="true" level="WARNING" enabled_by_default="true" />
  <inspection_tool class="IteratorHasNextCallsIteratorNext" enabled="true" level="WARNING" enabled_by_default="true" />
  <inspection_tool class="IteratorNextDoesNotThrowNoSuchElementException" enabled="true" level="WARNING" enabled_by_default="true" />
  <inspection_tool class="JavaLangReflect" enabled="true" level="WARNING" enabled_by_default="true" />
  <inspection_tool class="LengthOneStringInIndexOf" enabled="true" level="WARNING" enabled_by_default="true" />
  <inspection_tool class="LengthOneStringsInConcatenation" enabled="true" level="WARNING" enabled_by_default="true" />
  <inspection_tool class="LiteralAsArgToStringEquals" enabled="true" level="WARNING" enabled_by_default="true" />
  <inspection_tool class="LocalVariableHidingMemberVariable" enabled="true" level="WARNING" enabled_by_default="true">
    <option name="m_ignoreInvisibleFields" value="true" />
    <option name="m_ignoreStaticMethods" value="true" />
  </inspection_tool>
  <inspection_tool class="MagicCharacter" enabled="true" level="WARNING" enabled_by_default="true" />
  <inspection_tool class="MagicNumber" enabled="true" level="WARNING" enabled_by_default="true" />
  <inspection_tool class="MapReplaceableByEnumMap" enabled="true" level="WARNING" enabled_by_default="true" />
  <inspection_tool class="MethodOnlyUsedFromInnerClass" enabled="true" level="WARNING" enabled_by_default="true">
    <option name="ignoreMethodsAccessedFromAnonymousClass" value="true" />
    <option name="ignoreStaticMethodsFromNonStaticInnerClass" value="false" />
    <option name="onlyReportStaticMethods" value="false" />
  </inspection_tool>
  <inspection_tool class="MethodOverloadsParentMethod" enabled="true" level="WARNING" enabled_by_default="true" />
  <inspection_tool class="MethodOverridesPackageLocalMethod" enabled="true" level="WARNING" enabled_by_default="true" />
  <inspection_tool class="MethodOverridesPrivateMethod" enabled="true" level="WARNING" enabled_by_default="true" />
  <inspection_tool class="MethodOverridesStaticMethod" enabled="true" level="WARNING" enabled_by_default="true" />
  <inspection_tool class="MisspelledCompareTo" enabled="true" level="WARNING" enabled_by_default="true" />
  <inspection_tool class="MisspelledEquals" enabled="true" level="WARNING" enabled_by_default="true" />
  <inspection_tool class="MisspelledHashcode" enabled="true" level="WARNING" enabled_by_default="true" />
  <inspection_tool class="MisspelledToString" enabled="true" level="WARNING" enabled_by_default="true" />
  <inspection_tool class="MultipleTypedDeclaration" enabled="true" level="WARNING" enabled_by_default="true" />
  <inspection_tool class="NativeMethods" enabled="true" level="WARNING" enabled_by_default="true" />
  <inspection_tool class="NestedAssignment" enabled="true" level="WARNING" enabled_by_default="true" />
  <inspection_tool class="NoExplicitFinalizeCalls" enabled="false" level="WARNING" enabled_by_default="false" />
  <inspection_tool class="NonSerializableWithSerialVersionUIDField" enabled="true" level="WARNING" enabled_by_default="true" />
  <inspection_tool class="NonSerializableWithSerializationMethods" enabled="true" level="WARNING" enabled_by_default="true" />
  <inspection_tool class="NonShortCircuitBoolean" enabled="true" level="WARNING" enabled_by_default="true" />
  <inspection_tool class="NumericToString" enabled="true" level="WARNING" enabled_by_default="true" />
  <inspection_tool class="ObjectEquality" enabled="true" level="WARNING" enabled_by_default="true">
    <option name="m_ignoreEnums" value="true" />
    <option name="m_ignoreClassObjects" value="true" />
    <option name="m_ignorePrivateConstructors" value="true" />
  </inspection_tool>
  <inspection_tool class="ObjectToString" enabled="true" level="WARNING" enabled_by_default="true" />
  <inspection_tool class="ParameterHidingMemberVariable" enabled="true" level="WARNING" enabled_by_default="true">
    <option name="m_ignoreInvisibleFields" value="true" />
    <option name="m_ignoreStaticMethodParametersHidingInstanceFields" value="true" />
    <option name="m_ignoreForConstructors" value="true" />
    <option name="m_ignoreForPropertySetters" value="true" />
    <option name="m_ignoreForAbstractMethods" value="true" />
  </inspection_tool>
  <inspection_tool class="RandomDoubleForRandomInteger" enabled="true" level="WARNING" enabled_by_default="true" />
  <inspection_tool class="ReplaceAssignmentWithOperatorAssignment" enabled="true" level="WARNING" enabled_by_default="true">
    <option name="ignoreLazyOperators" value="true" />
    <option name="ignoreObscureOperators" value="false" />
  </inspection_tool>
  <inspection_tool class="RequiredAttributes" enabled="true" level="WARNING" enabled_by_default="true">
    <option name="myAdditionalRequiredHtmlAttributes" value="action" />
  </inspection_tool>
  <inspection_tool class="ResultOfObjectAllocationIgnored" enabled="true" level="WARNING" enabled_by_default="true" />
  <inspection_tool class="ResultSetIndexZero" enabled="true" level="WARNING" enabled_by_default="true" />
  <inspection_tool class="RuntimeExec" enabled="true" level="WARNING" enabled_by_default="true" />
  <inspection_tool class="SafeLock" enabled="true" level="WARNING" enabled_by_default="true" />
  <inspection_tool class="SerialVersionUIDNotStaticFinal" enabled="true" level="WARNING" enabled_by_default="true" />
  <inspection_tool class="SerializableWithUnconstructableAncestor" enabled="true" level="WARNING" enabled_by_default="true" />
  <inspection_tool class="SetReplaceableByEnumSet" enabled="true" level="WARNING" enabled_by_default="true" />
  <inspection_tool class="SizeReplaceableByIsEmpty" enabled="true" level="WARNING" enabled_by_default="true" />
  <inspection_tool class="SleepWhileHoldingLock" enabled="true" level="WARNING" enabled_by_default="true" />
  <inspection_tool class="StringBufferToStringInConcatenation" enabled="true" level="WARNING" enabled_by_default="true" />
  <inspection_tool class="StringConcatenation" enabled="true" level="WARNING" enabled_by_default="true">
    <option name="ignoreAsserts" value="false" />
    <option name="ignoreSystemOuts" value="false" />
    <option name="ignoreSystemErrs" value="false" />
    <option name="ignoreThrowableArguments" value="false" />
    <option name="ignoreConstantInitializers" value="false" />
    <option name="ignoreInTestCode" value="false" />
    <option name="ignoreInToString" value="false" />
  </inspection_tool>
  <inspection_tool class="StringConcatenationInLoops" enabled="true" level="WARNING" enabled_by_default="true">
    <option name="m_ignoreUnlessAssigned" value="false" />
  </inspection_tool>
  <inspection_tool class="StringEqualsEmptyString" enabled="true" level="WARNING" enabled_by_default="true" />
  <inspection_tool class="StringReplaceableByStringBuffer" enabled="true" level="WARNING" enabled_by_default="true">
    <option name="onlyWarnOnLoop" value="true" />
  </inspection_tool>
  <inspection_tool class="SystemGetenv" enabled="true" level="WARNING" enabled_by_default="true" />
  <inspection_tool class="TailRecursion" enabled="true" level="WARNING" enabled_by_default="true" />
  <inspection_tool class="TextLabelInSwitchStatement" enabled="true" level="WARNING" enabled_by_default="true" />
  <inspection_tool class="ThreadStopSuspendResume" enabled="true" level="WARNING" enabled_by_default="true" />
  <inspection_tool class="ThreadWithDefaultRunMethod" enabled="true" level="WARNING" enabled_by_default="true" />
  <inspection_tool class="ThreadYield" enabled="true" level="WARNING" enabled_by_default="true" />
  <inspection_tool class="TimeToString" enabled="true" level="WARNING" enabled_by_default="true" />
  <inspection_tool class="TooBroadScope" enabled="true" level="WARNING" enabled_by_default="true">
    <option name="m_allowConstructorAsInitializer" value="false" />
    <option name="m_onlyLookAtBlocks" value="true" />
  </inspection_tool>
  <inspection_tool class="TrivialStringConcatenation" enabled="true" level="WARNING" enabled_by_default="true" />
  <inspection_tool class="UnnecessaryBlockStatement" enabled="true" level="WARNING" enabled_by_default="true">
    <option name="ignoreSwitchBranches" value="false" />
  </inspection_tool>
  <inspection_tool class="UnnecessaryLabelOnBreakStatement" enabled="false" level="WARNING" enabled_by_default="false" />
  <inspection_tool class="UseOfAWTPeerClass" enabled="true" level="WARNING" enabled_by_default="true" />
  <inspection_tool class="UseOfJDBCDriverClass" enabled="true" level="WARNING" enabled_by_default="true" />
  <inspection_tool class="UseOfProcessBuilder" enabled="true" level="WARNING" enabled_by_default="true" />
  <inspection_tool class="UseOfPropertiesAsHashtable" enabled="true" level="WARNING" enabled_by_default="true" />
  <inspection_tool class="UseOfSunClasses" enabled="true" level="WARNING" enabled_by_default="true" />
  <inspection_tool class="UtilityClassWithPublicConstructor" enabled="true" level="WARNING" enabled_by_default="true" />
  <inspection_tool class="UtilityClassWithoutPrivateConstructor" enabled="true" level="WARNING" enabled_by_default="true">
    <option name="ignorableAnnotations">
      <value />
    </option>
    <option name="ignoreClassesWithOnlyMain" value="false" />
  </inspection_tool>
  <inspection_tool class="WaitCalledOnCondition" enabled="true" level="WARNING" enabled_by_default="true" />
  <inspection_tool class="WaitNotInLoop" enabled="true" level="WARNING" enabled_by_default="true" />
  <inspection_tool class="WaitNotInSynchronizedContext" enabled="true" level="WARNING" enabled_by_default="true" />
  <inspection_tool class="WaitWhileHoldingTwoLocks" enabled="true" level="WARNING" enabled_by_default="true" />
  <inspection_tool class="WhileLoopSpinsOnField" enabled="true" level="WARNING" enabled_by_default="true">
    <option name="ignoreNonEmtpyLoops" value="false" />
  </inspection_tool>
  <inspection_tool class="ZeroLengthArrayInitialization" enabled="true" level="WARNING" enabled_by_default="true" />
</inspections>