<inspections profile_name="Project Default" version="1.0">
  <option name="myName" value="Project Default" />
  <option name="myLocal" value="true" />
  <inspection_tool class="ArchaicSystemPropertyAccess" enabled="true" level="WARNING" enabled_by_default="true" />
  <inspection_tool class="ArgNamesErrorsInspection" enabled="false" level="ERROR" enabled_by_default="false" />
  <inspection_tool class="ArgNamesWarningsInspection" enabled="false" level="WARNING" enabled_by_default="false" />
  <inspection_tool class="AroundAdviceStyleInspection" enabled="false" level="WARNING" enabled_by_default="false" />
  <inspection_tool class="ArquillianClassEnabled" enabled="false" level="ERROR" enabled_by_default="false" />
  <inspection_tool class="ArquillianDeploymentAbsent" enabled="false" level="ERROR" enabled_by_default="false" />
  <inspection_tool class="ArquillianDeploymentReturnType" enabled="false" level="ERROR" enabled_by_default="false" />
  <inspection_tool class="ArquillianDeploymentSignature" enabled="false" level="ERROR" enabled_by_default="false" />
  <inspection_tool class="ArquillianTooManyDeployment" enabled="false" level="ERROR" enabled_by_default="false" />
  <inspection_tool class="ArrayEquality" enabled="true" level="WARNING" enabled_by_default="true" />
  <inspection_tool class="AssertEqualsBetweenInconvertibleTypes" enabled="false" level="WARNING" enabled_by_default="false" />
  <inspection_tool class="AssertEqualsCalledOnArray" enabled="true" level="WARNING" enabled_by_default="true" />
  <inspection_tool class="AssertEqualsMayBeAssertSame" enabled="true" level="WARNING" enabled_by_default="true" />
  <inspection_tool class="AssignmentToCatchBlockParameter" enabled="true" level="WARNING" enabled_by_default="true" />
  <inspection_tool class="AssignmentToCollectionFieldFromParameter" enabled="true" level="WARNING" enabled_by_default="true">
    <option name="ignorePrivateMethods" value="true" />
  </inspection_tool>
  <inspection_tool class="AssignmentToDateFieldFromParameter" enabled="true" level="WARNING" enabled_by_default="true">
    <option name="ignorePrivateMethods" value="true" />
  </inspection_tool>
  <inspection_tool class="AssignmentToForLoopParameter" enabled="true" level="WARNING" enabled_by_default="true">
    <option name="m_checkForeachParameters" value="false" />
  </inspection_tool>
  <inspection_tool class="AssignmentToStaticFieldFromInstanceMethod" enabled="true" level="WARNING" enabled_by_default="true" />
  <inspection_tool class="AssignmentToSuperclassField" enabled="true" level="WARNING" enabled_by_default="true" />
  <inspection_tool class="AssignmentUsedAsCondition" enabled="true" level="WARNING" enabled_by_default="true" />
  <inspection_tool class="AutoCloseableResource" enabled="true" level="WARNING" enabled_by_default="true" />
  <inspection_tool class="BadExceptionCaught" enabled="true" level="WARNING" enabled_by_default="true">
    <option name="exceptionsString" value="" />
    <option name="exceptions">
      <value />
    </option>
  </inspection_tool>
  <inspection_tool class="BadExceptionDeclared" enabled="true" level="WARNING" enabled_by_default="true">
    <option name="exceptionsString" value="" />
    <option name="exceptions">
      <value />
    </option>
    <option name="ignoreTestCases" value="false" />
    <option name="ignoreLibraryOverrides" value="false" />
  </inspection_tool>
  <inspection_tool class="BadExceptionThrown" enabled="true" level="WARNING" enabled_by_default="true">
    <option name="exceptionsString" value="" />
    <option name="exceptions">
      <value />
    </option>
  </inspection_tool>
  <inspection_tool class="BooleanExpressionMayBeConditional" enabled="true" level="WARNING" enabled_by_default="true" />
  <inspection_tool class="BooleanVariableAlwaysNegated" enabled="true" level="WARNING" enabled_by_default="true" />
  <inspection_tool class="CStyleArrayDeclaration" enabled="true" level="WARNING" enabled_by_default="true" />
  <inspection_tool class="CastConflictsWithInstanceof" enabled="true" level="WARNING" enabled_by_default="true" />
  <inspection_tool class="CastToIncompatibleInterface" enabled="true" level="WARNING" enabled_by_default="true" />
  <inspection_tool class="CatchGenericClass" enabled="true" level="WARNING" enabled_by_default="true" />
  <inspection_tool class="ChainedEquality" enabled="true" level="WARNING" enabled_by_default="true" />
  <inspection_tool class="ChannelResource" enabled="true" level="WARNING" enabled_by_default="true">
    <option name="insideTryAllowed" value="false" />
  </inspection_tool>
  <inspection_tool class="ClassCoupling" enabled="true" level="WARNING" enabled_by_default="true">
    <option name="m_includeJavaClasses" value="false" />
    <option name="m_includeLibraryClasses" value="false" />
    <option name="m_limit" value="15" />
  </inspection_tool>
  <inspection_tool class="ClassEscapesItsScope" enabled="true" level="WARNING" enabled_by_default="true" />
  <inspection_tool class="ClassMayBeInterface" enabled="true" level="WARNING" enabled_by_default="true" />
  <inspection_tool class="ClassNameDiffersFromFileName" enabled="true" level="WARNING" enabled_by_default="true" />
  <inspection_tool class="ClassNewInstance" enabled="true" level="ERROR" enabled_by_default="true" />
  <inspection_tool class="ClassWithOnlyPrivateConstructors" enabled="true" level="WARNING" enabled_by_default="true" />
  <inspection_tool class="ClassWithTooManyTransitiveDependencies" enabled="true" level="WARNING" enabled_by_default="true">
    <option name="limit" value="35" />
  </inspection_tool>
  <inspection_tool class="ClassWithTooManyTransitiveDependents" enabled="true" level="WARNING" enabled_by_default="true">
    <option name="limit" value="35" />
  </inspection_tool>
  <inspection_tool class="CloneCallsConstructors" enabled="true" level="WARNING" enabled_by_default="true" />
  <inspection_tool class="CloneInNonCloneableClass" enabled="true" level="WARNING" enabled_by_default="true" />
  <inspection_tool class="CloneReturnsClassType" enabled="true" level="WARNING" enabled_by_default="true" />
  <inspection_tool class="CloneableImplementsClone" enabled="true" level="WARNING" enabled_by_default="true">
    <option name="m_ignoreCloneableDueToInheritance" value="false" />
  </inspection_tool>
  <inspection_tool class="ComparableImplementedButEqualsNotOverridden" enabled="true" level="WARNING" enabled_by_default="true" />
  <inspection_tool class="CompareToUsesNonFinalVariable" enabled="true" level="WARNING" enabled_by_default="true" />
  <inspection_tool class="ConditionalExpressionWithIdenticalBranches" enabled="true" level="WARNING" enabled_by_default="true" />
  <inspection_tool class="ConfusingElse" enabled="true" level="WARNING" enabled_by_default="true">
    <option name="reportWhenNoStatementFollow" value="false" />
  </inspection_tool>
  <inspection_tool class="ConfusingOctalEscape" enabled="true" level="WARNING" enabled_by_default="true" />
  <inspection_tool class="ConstantConditions" enabled="true" level="WARNING" enabled_by_default="true">
    <option name="SUGGEST_NULLABLE_ANNOTATIONS" value="true" />
    <option name="DONT_REPORT_TRUE_ASSERT_STATEMENTS" value="false" />
    <option name="TREAT_UNKNOWN_MEMBERS_AS_NULLABLE" value="true" />
  </inspection_tool>
  <inspection_tool class="ConstantValueVariableUse" enabled="true" level="WARNING" enabled_by_default="true" />
  <inspection_tool class="ControlFlowStatementWithoutBraces" enabled="true" level="WARNING" enabled_by_default="true" />
  <inspection_tool class="CovariantCompareTo" enabled="true" level="WARNING" enabled_by_default="true" />
  <inspection_tool class="CovariantEquals" enabled="true" level="WARNING" enabled_by_default="true" />
  <inspection_tool class="CssNoGenericFontName" enabled="false" level="WARNING" enabled_by_default="false" />
  <inspection_tool class="CssOverwrittenProperties" enabled="false" level="WARNING" enabled_by_default="false" />
  <inspection_tool class="CyclicClassDependency" enabled="true" level="WARNING" enabled_by_default="true" />
  <inspection_tool class="CyclicPackageDependency" enabled="true" level="WARNING" enabled_by_default="true" />
  <inspection_tool class="DateToString" enabled="true" level="WARNING" enabled_by_default="true" />
  <inspection_tool class="DeclareParentsInspection" enabled="false" level="ERROR" enabled_by_default="false" />
  <inspection_tool class="DefaultNotLastCaseInSwitch" enabled="true" level="WARNING" enabled_by_default="true" />
  <inspection_tool class="DriverManagerGetConnection" enabled="true" level="WARNING" enabled_by_default="true" />
  <inspection_tool class="DuplicateBooleanBranch" enabled="true" level="WARNING" enabled_by_default="true" />
  <inspection_tool class="DuplicateCondition" enabled="true" level="WARNING" enabled_by_default="true">
    <option name="ignoreMethodCalls" value="false" />
  </inspection_tool>
  <inspection_tool class="EmptyCatchBlock" enabled="false" level="WARNING" enabled_by_default="false">
    <option name="m_includeComments" value="true" />
    <option name="m_ignoreTestCases" value="true" />
    <option name="m_ignoreIgnoreParameter" value="true" />
  </inspection_tool>
  <inspection_tool class="EmptyInitializer" enabled="true" level="WARNING" enabled_by_default="true" />
  <inspection_tool class="EmptySynchronizedStatement" enabled="true" level="WARNING" enabled_by_default="true" />
  <inspection_tool class="EnumSwitchStatementWhichMissesCases" enabled="true" level="WARNING" enabled_by_default="true">
    <option name="ignoreSwitchStatementsWithDefault" value="false" />
  </inspection_tool>
  <inspection_tool class="EqualsAndHashcode" enabled="true" level="WARNING" enabled_by_default="true" />
  <inspection_tool class="EqualsCalledOnEnumConstant" enabled="true" level="WARNING" enabled_by_default="true" />
  <inspection_tool class="EqualsReplaceableByObjectsCall" enabled="true" level="WARNING" enabled_by_default="true" />
  <inspection_tool class="EqualsUsesNonFinalVariable" enabled="true" level="WARNING" enabled_by_default="true" />
  <inspection_tool class="ErrorRethrown" enabled="true" level="WARNING" enabled_by_default="true" />
  <inspection_tool class="ExceptionFromCatchWhichDoesntWrap" enabled="true" level="WARNING" enabled_by_default="true">
    <option name="ignoreGetMessage" value="false" />
    <option name="ignoreCantWrap" value="false" />
  </inspection_tool>
  <inspection_tool class="ExtendsThread" enabled="true" level="WARNING" enabled_by_default="true" />
  <inspection_tool class="FallthruInSwitchStatement" enabled="true" level="WARNING" enabled_by_default="true" />
  <inspection_tool class="FieldAccessNotGuarded" enabled="true" level="WARNING" enabled_by_default="true" />
  <inspection_tool class="FieldAccessedSynchronizedAndUnsynchronized" enabled="true" level="WARNING" enabled_by_default="true">
    <option name="countGettersAndSetters" value="false" />
  </inspection_tool>
  <inspection_tool class="FieldHidesSuperclassField" enabled="true" level="WARNING" enabled_by_default="true">
    <option name="m_ignoreInvisibleFields" value="true" />
  </inspection_tool>
  <inspection_tool class="Finalize" enabled="true" level="WARNING" enabled_by_default="true">
    <option name="ignoreTrivialFinalizers" value="true" />
  </inspection_tool>
  <inspection_tool class="FinalizeNotProtected" enabled="true" level="WARNING" enabled_by_default="true" />
  <inspection_tool class="ForLoopReplaceableByWhile" enabled="true" level="WARNING" enabled_by_default="true">
    <option name="m_ignoreLoopsWithoutConditions" value="false" />
  </inspection_tool>
  <inspection_tool class="ForLoopThatDoesntUseLoopVariable" enabled="true" level="WARNING" enabled_by_default="true" />
  <inspection_tool class="HTML" level="WARNING" enabled="true">
    <option name="myAdditionalHtmlTags" value="embed,nobr,noembed,comment,script" />
    <option name="myAdditionalHtmlAttributes" value="type,wmode,src,width,height,language,name" />
    <option name="myCheckHtmlTags" value="true" />
    <option name="myCheckHtmlAttributes" value="true" />
  </inspection_tool>
  <inspection_tool class="HardCodedStringLiteral" enabled="true" level="WARNING" enabled_by_default="true">
    <option name="ignoreForAssertStatements" value="true" />
    <option name="ignoreForExceptionConstructors" value="true" />
    <option name="ignoreForSpecifiedExceptionConstructors" value="" />
    <option name="ignoreForJUnitAsserts" value="true" />
    <option name="ignoreForClassReferences" value="true" />
    <option name="ignoreForPropertyKeyReferences" value="true" />
    <option name="ignoreForNonAlpha" value="true" />
    <option name="ignoreAssignedToConstants" value="true" />
    <option name="ignoreToString" value="false" />
    <option name="nonNlsCommentPattern" value="NON-NLS" />
  </inspection_tool>
  <inspection_tool class="HardcodedFileSeparators" enabled="true" level="WARNING" enabled_by_default="true">
    <option name="m_recognizeExampleMediaType" value="false" />
  </inspection_tool>
  <inspection_tool class="HardcodedLineSeparators" enabled="true" level="WARNING" enabled_by_default="true" />
  <inspection_tool class="HashCodeUsesNonFinalVariable" enabled="true" level="WARNING" enabled_by_default="true" />
  <inspection_tool class="HibernateResource" enabled="true" level="WARNING" enabled_by_default="true">
    <option name="insideTryAllowed" value="false" />
  </inspection_tool>
  <inspection_tool class="HtmlUnknownAttribute" enabled="true" level="WARNING" enabled_by_default="true">
    <option name="myValues">
      <value>
        <list size="6">
          <item index="0" class="java.lang.String" itemvalue="type" />
          <item index="1" class="java.lang.String" itemvalue="wmode" />
          <item index="2" class="java.lang.String" itemvalue="src" />
          <item index="3" class="java.lang.String" itemvalue="width" />
          <item index="4" class="java.lang.String" itemvalue="height" />
          <item index="5" class="java.lang.String" itemvalue="name" />
        </list>
      </value>
    </option>
    <option name="myCustomValuesEnabled" value="true" />
  </inspection_tool>
  <inspection_tool class="IOResource" enabled="true" level="WARNING" enabled_by_default="true">
    <option name="ignoredTypesString" value="java.io.ByteArrayOutputStream,java.io.ByteArrayInputStream,java.io.StringBufferInputStream,java.io.CharArrayWriter,java.io.CharArrayReader,java.io.StringWriter,java.io.StringReader" />
    <option name="insideTryAllowed" value="false" />
  </inspection_tool>
  <inspection_tool class="IfStatementWithIdenticalBranches" enabled="true" level="WARNING" enabled_by_default="true" />
  <inspection_tool class="ImplicitCallToSuper" enabled="true" level="WARNING" enabled_by_default="true">
    <option name="m_ignoreForObjectSubclasses" value="true" />
  </inspection_tool>
  <inspection_tool class="InnerClassVariableHidesOuterClassVariable" enabled="true" level="WARNING" enabled_by_default="true">
    <option name="m_ignoreInvisibleFields" value="true" />
  </inspection_tool>
  <inspection_tool class="InstanceGuardedByStatic" enabled="true" level="WARNING" enabled_by_default="true" />
  <inspection_tool class="InstanceofCatchParameter" enabled="true" level="WARNING" enabled_by_default="true" />
  <inspection_tool class="InstanceofIncompatibleInterface" enabled="true" level="WARNING" enabled_by_default="true" />
  <inspection_tool class="InstantiationOfUtilityClass" enabled="true" level="WARNING" enabled_by_default="true" />
  <inspection_tool class="InterfaceMayBeAnnotatedFunctional" enabled="true" level="WARNING" enabled_by_default="true" />
  <inspection_tool class="IteratorHasNextCallsIteratorNext" enabled="true" level="WARNING" enabled_by_default="true" />
  <inspection_tool class="IteratorNextDoesNotThrowNoSuchElementException" enabled="true" level="WARNING" enabled_by_default="true" />
  <inspection_tool class="JDBCResource" enabled="true" level="WARNING" enabled_by_default="true">
    <option name="insideTryAllowed" value="false" />
  </inspection_tool>
  <inspection_tool class="JNDIResource" enabled="true" level="WARNING" enabled_by_default="true">
    <option name="insideTryAllowed" value="false" />
  </inspection_tool>
  <inspection_tool class="JavaLangImport" enabled="true" level="WARNING" enabled_by_default="true" />
  <inspection_tool class="JavaLangReflect" enabled="true" level="WARNING" enabled_by_default="true" />
  <inspection_tool class="LengthOneStringInIndexOf" enabled="true" level="WARNING" enabled_by_default="true" />
  <inspection_tool class="LengthOneStringsInConcatenation" enabled="true" level="WARNING" enabled_by_default="true" />
  <inspection_tool class="LimitedScopeInnerClass" enabled="true" level="WARNING" enabled_by_default="true" />
  <inspection_tool class="ListIndexOfReplaceableByContains" enabled="true" level="WARNING" enabled_by_default="true" />
  <inspection_tool class="ListenerMayUseAdapter" enabled="true" level="WARNING" enabled_by_default="true">
    <option name="checkForEmptyMethods" value="true" />
  </inspection_tool>
  <inspection_tool class="LiteralAsArgToStringEquals" enabled="true" level="WARNING" enabled_by_default="true" />
  <inspection_tool class="LocalVariableHidingMemberVariable" enabled="true" level="WARNING" enabled_by_default="true">
    <option name="m_ignoreInvisibleFields" value="true" />
    <option name="m_ignoreStaticMethods" value="true" />
  </inspection_tool>
  <inspection_tool class="LoggerInitializedWithForeignClass" enabled="false" level="WARNING" enabled_by_default="false">
    <option name="loggerClassName" value="org.apache.log4j.Logger,org.slf4j.LoggerFactory,org.apache.commons.logging.LogFactory,java.util.logging.Logger" />
    <option name="loggerFactoryMethodName" value="getLogger,getLogger,getLog,getLogger" />
  </inspection_tool>
  <inspection_tool class="LoopConditionNotUpdatedInsideLoop" enabled="true" level="WARNING" enabled_by_default="true">
    <option name="ignoreIterators" value="false" />
  </inspection_tool>
  <inspection_tool class="LoopWithImplicitTerminationCondition" enabled="true" level="WARNING" enabled_by_default="true" />
  <inspection_tool class="MagicCharacter" enabled="true" level="WARNING" enabled_by_default="true" />
  <inspection_tool class="MagicNumber" enabled="true" level="WARNING" enabled_by_default="true" />
  <inspection_tool class="MapReplaceableByEnumMap" enabled="true" level="WARNING" enabled_by_default="true" />
  <inspection_tool class="MethodOnlyUsedFromInnerClass" enabled="false" level="WARNING" enabled_by_default="false">
    <option name="ignoreMethodsAccessedFromAnonymousClass" value="true" />
    <option name="ignoreStaticMethodsFromNonStaticInnerClass" value="false" />
    <option name="onlyReportStaticMethods" value="false" />
  </inspection_tool>
  <inspection_tool class="MethodOverloadsParentMethod" enabled="true" level="WARNING" enabled_by_default="true" />
  <inspection_tool class="MethodOverridesPackageLocalMethod" enabled="true" level="WARNING" enabled_by_default="true" />
  <inspection_tool class="MethodOverridesPrivateMethod" enabled="true" level="WARNING" enabled_by_default="true" />
  <inspection_tool class="MethodOverridesStaticMethod" enabled="true" level="WARNING" enabled_by_default="true" />
  <inspection_tool class="MissortedModifiers" enabled="true" level="WARNING" enabled_by_default="true">
    <option name="m_requireAnnotationsFirst" value="true" />
  </inspection_tool>
  <inspection_tool class="MisspelledCompareTo" enabled="true" level="WARNING" enabled_by_default="true" />
  <inspection_tool class="MisspelledEquals" enabled="true" level="WARNING" enabled_by_default="true" />
  <inspection_tool class="MisspelledHashcode" enabled="true" level="WARNING" enabled_by_default="true" />
  <inspection_tool class="MisspelledToString" enabled="true" level="WARNING" enabled_by_default="true" />
  <inspection_tool class="MultipleDeclaration" enabled="true" level="WARNING" enabled_by_default="true">
    <option name="ignoreForLoopDeclarations" value="true" />
  </inspection_tool>
  <inspection_tool class="MultipleTypedDeclaration" enabled="true" level="WARNING" enabled_by_default="true" />
  <inspection_tool class="NativeMethods" enabled="true" level="WARNING" enabled_by_default="true" />
  <inspection_tool class="NegatedConditional" enabled="true" level="WARNING" enabled_by_default="true">
    <option name="m_ignoreNegatedNullComparison" value="true" />
  </inspection_tool>
  <inspection_tool class="NegatedConditionalExpression" enabled="true" level="WARNING" enabled_by_default="true" />
  <inspection_tool class="NegatedEqualityExpression" enabled="true" level="WARNING" enabled_by_default="true" />
  <inspection_tool class="NegatedIfElse" enabled="true" level="WARNING" enabled_by_default="true">
    <option name="m_ignoreNegatedNullComparison" value="true" />
    <option name="m_ignoreNegatedZeroComparison" value="false" />
  </inspection_tool>
  <inspection_tool class="NegativelyNamedBooleanVariable" enabled="true" level="WARNING" enabled_by_default="true" />
  <inspection_tool class="NestedAssignment" enabled="true" level="WARNING" enabled_by_default="true" />
  <inspection_tool class="NestedSwitchStatement" enabled="true" level="WARNING" enabled_by_default="true" />
  <inspection_tool class="NestedTryStatement" enabled="true" level="WARNING" enabled_by_default="true" />
  <inspection_tool class="NewExceptionWithoutArguments" enabled="true" level="WARNING" enabled_by_default="true" />
  <inspection_tool class="NonFinalFieldInEnum" enabled="true" level="WARNING" enabled_by_default="true" />
  <inspection_tool class="NonFinalFieldInImmutable" enabled="true" level="WARNING" enabled_by_default="true" />
  <inspection_tool class="NonFinalFieldOfException" enabled="true" level="WARNING" enabled_by_default="true" />
  <inspection_tool class="NonFinalGuard" enabled="true" level="WARNING" enabled_by_default="true" />
  <inspection_tool class="NonFinalUtilityClass" enabled="true" level="WARNING" enabled_by_default="true" />
  <inspection_tool class="NonPublicClone" enabled="true" level="WARNING" enabled_by_default="true" />
  <inspection_tool class="NonSerializableWithSerialVersionUIDField" enabled="true" level="WARNING" enabled_by_default="true" />
  <inspection_tool class="NonSerializableWithSerializationMethods" enabled="true" level="WARNING" enabled_by_default="true" />
  <inspection_tool class="NonShortCircuitBoolean" enabled="true" level="WARNING" enabled_by_default="true" />
  <inspection_tool class="NoopMethodInAbstractClass" enabled="true" level="WARNING" enabled_by_default="true" />
  <inspection_tool class="NullThrown" enabled="true" level="WARNING" enabled_by_default="true" />
  <inspection_tool class="NumericToString" enabled="true" level="WARNING" enabled_by_default="true" />
  <inspection_tool class="ObjectEquality" enabled="true" level="WARNING" enabled_by_default="true">
    <option name="m_ignoreEnums" value="true" />
    <option name="m_ignoreClassObjects" value="true" />
    <option name="m_ignorePrivateConstructors" value="true" />
  </inspection_tool>
  <inspection_tool class="ObjectToString" enabled="true" level="WARNING" enabled_by_default="true" />
  <inspection_tool class="ObsoleteCollection" enabled="true" level="WARNING" enabled_by_default="true">
    <option name="ignoreRequiredObsoleteCollectionTypes" value="false" />
  </inspection_tool>
  <inspection_tool class="OnDemandImport" enabled="true" level="WARNING" enabled_by_default="true" />
  <inspection_tool class="PackageVisibleField" enabled="true" level="WARNING" enabled_by_default="true" />
  <inspection_tool class="ParameterHidingMemberVariable" enabled="false" level="WARNING" enabled_by_default="false">
    <option name="m_ignoreInvisibleFields" value="true" />
    <option name="m_ignoreStaticMethodParametersHidingInstanceFields" value="true" />
    <option name="m_ignoreForConstructors" value="true" />
    <option name="m_ignoreForPropertySetters" value="true" />
    <option name="m_ignoreForAbstractMethods" value="true" />
  </inspection_tool>
  <inspection_tool class="PointcutMethodStyleInspection" enabled="false" level="WARNING" enabled_by_default="false" />
  <inspection_tool class="PointlessIndexOfComparison" enabled="true" level="WARNING" enabled_by_default="true" />
  <inspection_tool class="PointlessNullCheck" enabled="true" level="WARNING" enabled_by_default="true" />
  <inspection_tool class="ProtectedField" enabled="true" level="WARNING" enabled_by_default="true" />
  <inspection_tool class="ProtectedMemberInFinalClass" enabled="true" level="WARNING" enabled_by_default="true" />
  <inspection_tool class="PublicConstructorInNonPublicClass" enabled="true" level="WARNING" enabled_by_default="true" />
  <inspection_tool class="PublicField" enabled="true" level="WARNING" enabled_by_default="true">
    <option name="ignoreEnums" value="false" />
    <option name="ignorableAnnotations">
      <value />
    </option>
  </inspection_tool>
  <inspection_tool class="PublicStaticArrayField" enabled="true" level="WARNING" enabled_by_default="true" />
  <inspection_tool class="PublicStaticCollectionField" enabled="true" level="WARNING" enabled_by_default="true" />
  <inspection_tool class="RandomDoubleForRandomInteger" enabled="true" level="WARNING" enabled_by_default="true" />
  <inspection_tool class="ReplaceAssignmentWithOperatorAssignment" enabled="true" level="WARNING" enabled_by_default="true">
    <option name="ignoreLazyOperators" value="true" />
    <option name="ignoreObscureOperators" value="false" />
  </inspection_tool>
  <inspection_tool class="RequiredAttributes" enabled="true" level="WARNING" enabled_by_default="true">
    <option name="myAdditionalRequiredHtmlAttributes" value="action" />
  </inspection_tool>
  <inspection_tool class="ResultOfObjectAllocationIgnored" enabled="true" level="WARNING" enabled_by_default="true" />
  <inspection_tool class="ResultSetIndexZero" enabled="true" level="WARNING" enabled_by_default="true" />
  <inspection_tool class="ReturnNull" enabled="true" level="WARNING" enabled_by_default="true">
    <option name="m_reportObjectMethods" value="true" />
    <option name="m_reportArrayMethods" value="true" />
    <option name="m_reportCollectionMethods" value="true" />
    <option name="m_ignorePrivateMethods" value="true" />
  </inspection_tool>
  <inspection_tool class="ReturnOfCollectionField" enabled="true" level="WARNING" enabled_by_default="true">
    <option name="ignorePrivateMethods" value="true" />
  </inspection_tool>
  <inspection_tool class="ReturnOfDateField" enabled="true" level="WARNING" enabled_by_default="true" />
  <inspection_tool class="RuntimeExec" enabled="true" level="WARNING" enabled_by_default="true" />
  <inspection_tool class="SafeLock" enabled="true" level="WARNING" enabled_by_default="true" />
  <inspection_tool class="SerialVersionUIDNotStaticFinal" enabled="true" level="WARNING" enabled_by_default="true" />
  <inspection_tool class="SerializableWithUnconstructableAncestor" enabled="true" level="WARNING" enabled_by_default="true" />
  <inspection_tool class="SetReplaceableByEnumSet" enabled="true" level="WARNING" enabled_by_default="true" />
  <inspection_tool class="SimplifiableAnnotation" enabled="true" level="WARNING" enabled_by_default="true" />
  <inspection_tool class="Singleton" enabled="true" level="WARNING" enabled_by_default="true" />
  <inspection_tool class="SizeReplaceableByIsEmpty" enabled="true" level="WARNING" enabled_by_default="true" />
  <inspection_tool class="SleepWhileHoldingLock" enabled="true" level="WARNING" enabled_by_default="true" />
  <inspection_tool class="SocketResource" enabled="true" level="WARNING" enabled_by_default="true">
    <option name="insideTryAllowed" value="false" />
  </inspection_tool>
  <inspection_tool class="StaticGuardedByInstance" enabled="true" level="WARNING" enabled_by_default="true" />
  <inspection_tool class="StaticNonFinalField" enabled="true" level="WARNING" enabled_by_default="true" />
  <inspection_tool class="StringBufferToStringInConcatenation" enabled="true" level="WARNING" enabled_by_default="true" />
  <inspection_tool class="StringConcatenation" enabled="true" level="WARNING" enabled_by_default="true">
    <option name="ignoreAsserts" value="false" />
    <option name="ignoreSystemOuts" value="false" />
    <option name="ignoreSystemErrs" value="false" />
    <option name="ignoreThrowableArguments" value="false" />
    <option name="ignoreConstantInitializers" value="false" />
    <option name="ignoreInTestCode" value="false" />
    <option name="ignoreInToString" value="false" />
  </inspection_tool>
  <inspection_tool class="StringConcatenationInFormatCall" enabled="true" level="WARNING" enabled_by_default="true" />
  <inspection_tool class="StringConcatenationInLoops" enabled="true" level="WARNING" enabled_by_default="true">
    <option name="m_ignoreUnlessAssigned" value="false" />
  </inspection_tool>
  <inspection_tool class="StringConcatenationInMessageFormatCall" enabled="true" level="WARNING" enabled_by_default="true" />
  <inspection_tool class="StringConcatenationMissingWhitespace" enabled="true" level="WARNING" enabled_by_default="true" />
  <inspection_tool class="StringEqualsEmptyString" enabled="true" level="WARNING" enabled_by_default="true" />
  <inspection_tool class="StringReplaceableByStringBuffer" enabled="true" level="WARNING" enabled_by_default="true">
    <option name="onlyWarnOnLoop" value="true" />
  </inspection_tool>
  <inspection_tool class="SubtractionInCompareTo" enabled="true" level="WARNING" enabled_by_default="true" />
  <inspection_tool class="SuspiciousArrayCast" enabled="true" level="WARNING" enabled_by_default="true" />
  <inspection_tool class="SuspiciousIndentAfterControlStatement" enabled="true" level="WARNING" enabled_by_default="true" />
  <inspection_tool class="SwitchStatementsWithoutDefault" enabled="true" level="WARNING" enabled_by_default="true">
    <option name="m_ignoreFullyCoveredEnums" value="true" />
  </inspection_tool>
  <inspection_tool class="SystemGetenv" enabled="true" level="WARNING" enabled_by_default="true" />
  <inspection_tool class="SystemOutErr" enabled="true" level="WARNING" enabled_by_default="true">
    <scope name="Tests" level="WARNING" enabled="false" />
  </inspection_tool>
  <inspection_tool class="TailRecursion" enabled="true" level="WARNING" enabled_by_default="true" />
  <inspection_tool class="TestOnlyProblems" enabled="true" level="WARNING" enabled_by_default="true" />
  <inspection_tool class="TextLabelInSwitchStatement" enabled="true" level="WARNING" enabled_by_default="true" />
  <inspection_tool class="ThreadDeathRethrown" enabled="true" level="WARNING" enabled_by_default="true" />
  <inspection_tool class="ThreadRun" enabled="true" level="WARNING" enabled_by_default="true" />
  <inspection_tool class="ThreadStopSuspendResume" enabled="true" level="WARNING" enabled_by_default="true" />
  <inspection_tool class="ThreadWithDefaultRunMethod" enabled="true" level="WARNING" enabled_by_default="true" />
  <inspection_tool class="ThreadYield" enabled="true" level="WARNING" enabled_by_default="true" />
  <inspection_tool class="ThrowCaughtLocally" enabled="true" level="WARNING" enabled_by_default="true">
    <option name="ignoreRethrownExceptions" value="false" />
  </inspection_tool>
  <inspection_tool class="TimeToString" enabled="true" level="WARNING" enabled_by_default="true" />
  <inspection_tool class="TooBroadCatch" enabled="true" level="WARNING" enabled_by_default="true" />
  <inspection_tool class="TooBroadScope" enabled="true" level="WARNING" enabled_by_default="true">
    <option name="m_allowConstructorAsInitializer" value="false" />
    <option name="m_onlyLookAtBlocks" value="true" />
  </inspection_tool>
  <inspection_tool class="TooBroadThrows" enabled="true" level="WARNING" enabled_by_default="true" />
  <inspection_tool class="TrivialStringConcatenation" enabled="true" level="WARNING" enabled_by_default="true" />
  <inspection_tool class="UnclearBinaryExpression" enabled="true" level="WARNING" enabled_by_default="true" />
  <inspection_tool class="UnknownGuard" enabled="true" level="WARNING" enabled_by_default="true" />
  <inspection_tool class="UnnecessaryBlockStatement" enabled="true" level="WARNING" enabled_by_default="true">
    <option name="ignoreSwitchBranches" value="true" />
  </inspection_tool>
  <inspection_tool class="UnnecessaryConstantArrayCreationExpression" enabled="true" level="WARNING" enabled_by_default="true" />
  <inspection_tool class="UnnecessaryLabelOnBreakStatement" enabled="false" level="WARNING" enabled_by_default="false" />
  <inspection_tool class="UnpredictableBigDecimalConstructorCall" enabled="true" level="WARNING" enabled_by_default="true">
    <option name="ignoreReferences" value="true" />
    <option name="ignoreComplexLiterals" value="false" />
  </inspection_tool>
  <inspection_tool class="UnusedCatchParameter" enabled="true" level="WARNING" enabled_by_default="true">
    <option name="m_ignoreCatchBlocksWithComments" value="false" />
    <option name="m_ignoreTestCases" value="false" />
  </inspection_tool>
  <inspection_tool class="UseOfAWTPeerClass" enabled="true" level="WARNING" enabled_by_default="true" />
  <inspection_tool class="UseOfAnotherObjectsPrivateField" enabled="true" level="WARNING" enabled_by_default="true">
    <option name="ignoreSameClass" value="true" />
    <option name="ignoreEquals" value="false" />
  </inspection_tool>
  <inspection_tool class="UseOfClone" enabled="true" level="WARNING" enabled_by_default="true" />
  <inspection_tool class="UseOfJDBCDriverClass" enabled="true" level="WARNING" enabled_by_default="true" />
  <inspection_tool class="UseOfProcessBuilder" enabled="true" level="WARNING" enabled_by_default="true" />
  <inspection_tool class="UseOfPropertiesAsHashtable" enabled="true" level="WARNING" enabled_by_default="true" />
  <inspection_tool class="UseOfSunClasses" enabled="true" level="WARNING" enabled_by_default="true" />
  <inspection_tool class="UtilityClassCanBeEnum" enabled="true" level="WARNING" enabled_by_default="true" />
  <inspection_tool class="UtilityClassWithPublicConstructor" enabled="true" level="WARNING" enabled_by_default="true" />
  <inspection_tool class="UtilityClassWithoutPrivateConstructor" enabled="true" level="WARNING" enabled_by_default="true">
    <option name="ignorableAnnotations">
      <value />
    </option>
    <option name="ignoreClassesWithOnlyMain" value="false" />
  </inspection_tool>
  <inspection_tool class="WaitCalledOnCondition" enabled="true" level="WARNING" enabled_by_default="true" />
  <inspection_tool class="WaitNotInLoop" enabled="true" level="WARNING" enabled_by_default="true" />
  <inspection_tool class="WaitNotInSynchronizedContext" enabled="true" level="WARNING" enabled_by_default="true" />
  <inspection_tool class="WaitWhileHoldingTwoLocks" enabled="true" level="WARNING" enabled_by_default="true" />
  <inspection_tool class="WhileLoopSpinsOnField" enabled="true" level="WARNING" enabled_by_default="true">
    <option name="ignoreNonEmtpyLoops" value="false" />
  </inspection_tool>
  <inspection_tool class="ZeroLengthArrayInitialization" enabled="true" level="WARNING" enabled_by_default="true" />
</inspections>